date,headline,summary
2026-06-20,Why Does Donald Trump Like Marvell Technology (MRVL)?,We just covered Donald Trump Stock Portfolio: 10 Best AI and Tech Stock Picks in 2026. Marvell Technology (NASDAQ:MRVL) ranks #5 (see Donald Trump Stock Portfolio: 5 Best AI and Tech Stock Picks in 2026). The stocks identified in this article are based on Trump’s financial disclosure filings released by the U.S. Office of Government Ethics. […]
2026-06-20,Marvell tokenized stock (xStock) (MRVLX) Self Reported Market Cap Hits $176.78 Million,Marvell tokenized stock (xStock) (MRVLX) traded down 0% against the US dollar during the twenty-four hour period ending at 7:00 AM ET on June 20th. Marvell tokenized stock (xStock) has a market cap of $176.78 million and $3.03 thousand worth of Marvell tokenized stock (xStock) was traded on exchanges in the last 24 hours. Over […]
2026-06-20,"Move Over Marvell, Here Are the Next 2 $1 Trillion Semiconductor Stocks",AMD and ASML look set to hit trillion-dollar market caps before Marvell.
2026-06-20,"Move Over Marvell, Here Are the Next 2 $1 Trillion Semiconductor Stocks",AMD and ASML look set to hit trillion-dollar market caps before Marvell.
2026-06-20,Is Marvell Technology Going to $1 Trillion?,"Nvidia's CEO thinks so, but what are the actual chances?"
2026-06-20,Is Marvell Technology Going to $1 Trillion?,"Nvidia's CEO thinks so, but what are the actual chances?"
2026-06-20,Arm Stock And 2 US AI Infrastructure Picks With Growth Risk,"The AI and infrastructure build out story just took on a new dimension, with SpaceX lining up a planned US$20b bond sale shortly after its record US$86b IPO. For investors, that kind of aggressive fundraising across AI, connectivity, and data heavy projects can ripple through a wide range of large, financially solid companies tied to semiconductors, cloud and data centers. This article looks at how that news could matter for you by focusing on three stocks from our AI and Infrastructure..."
2026-06-19,"After Being Called the Next Trillion-Dollar AI Stock and Joining the S&P 500, Marvell's CFO Just Filed to Dump $65 Million of Stock. Here's Why.",Marvell's CFO just filed paperwork with the SEC to offload a significant chunk of stock.
2026-06-19,"After Being Called the Next Trillion-Dollar AI Stock and Joining the S&P 500, Marvell's CFO Just Filed to Dump $65 Million of Stock. Here's Why.",Marvell's CFO just filed paperwork with the SEC to offload a significant chunk of stock.
2026-06-19,Marvell (MRVL) Elevates Dan Durn to CFO: What Signals Are Emerging in Its AI Investment Playbook?,"On June 11, 2026, Marvell Technology announced that CFO Willem Meintjes would resign effective June 15 while remaining an adviser through April 2027, and board member and Audit Committee Chair Daniel Durn, former CFO of Adobe, Applied Materials, NXP and GlobalFoundries, would step in as Executive Vice President and Chief Financial Officer.
Durn’s move from the board into the finance chief role brings deep semiconductor and enterprise technology experience into day‑to‑day management just as..."
2026-06-19,3 Stocks to Buy Now Before Wall Street Catches On,"The AI infrastructure trade has broadened. NVIDIA (NASDAQ:NVDA | NVDA Price Prediction) still owns the headline, but the second-derivative names that supply connectivity, power, and custom silicon to hyperscalers are where the cleaner setups now sit. Three semiconductor stocks fit that thesis heading into the back half of 2026: each delivered a Q1 2026 beat ... 3 Stocks to Buy Now Before Wall Street Catches On"
2026-06-19,3 Stocks to Buy Now Before Wall Street Catches On,"The AI infrastructure trade has broadened. NVIDIA (NASDAQ:NVDA) still owns the headline, but the second-derivative names that supply connectivity, power, and custom silicon to hyperscalers are where the cleaner setups now sit. Three semiconductor stocks fit that thesis heading into the back half of 2026: each delivered a Q1 2026 beat with raised or strong ... 3 Stocks to Buy Now Before Wall Street Catches On"
2026-06-19,ALAB Rides on Strong Aries and Taurus Demand: A Sign for More Upside?,
2026-06-19,ALAB Rides on Strong Aries and Taurus Demand: A Sign for More Upside?,"Astera Labs rides on strong Aries and Taurus demand as AI infrastructure adoption lifts revenue and PCIe Gen 6 sales, with more growth expected in the second quarter."
2026-06-19,Intel (INTC) Stock Soars 11% After Trump’s Unconfirmed Apple Chip Manufacturing Claim,"Intel (INTC) stock rallied 11% following Trump's claim of an Apple chip deal, but neither company has confirmed the partnership or disclosed any terms."
2026-06-19,"Tempo Wealth LLC Takes Position in Marvell Technology, Inc. $MRVL","Tempo Wealth LLC bought a new position in shares of Marvell Technology, Inc. (NASDAQ:MRVL – Free Report) in the fourth quarter, according to the company in its most recent 13F filing with the Securities & Exchange Commission. The fund bought 6,466 shares of the semiconductor company’s stock, valued at approximately $549,000. Other large investors have […]"
2026-06-19,Marvell Stock Hits Record High After Quiet Amazon AI Chip Signal,"Marvel stock all-time high driven by AI chip demand. Marvell stock analysis, forecast highlight growth potential, and valuation risks ahead."
2026-06-19,Marvell Technology (NASDAQ:MRVL) Shares Gap Up   – Here’s What Happened,"Marvell Technology, Inc. (NASDAQ:MRVL – Get Free Report)’s stock price gapped up before the market opened on Wednesday . The stock had previously closed at $278.67, but opened at $292.89. Marvell Technology shares last traded at $287.5770, with a volume of 6,085,725 shares traded. More Marvell Technology News Here are the key news stories impacting […]"
2026-06-19,"Marvell Technology, Inc. (MRVL) Names Adobe’s Dan Durn as Finance Chief","On June 11,  Reuters reported that Marvell Technology, Inc. (NASDAQ:MRVL) named Dan Durn as chief financial officer, succeeding Willem Meintjes, with Durn set to start on June 15."
2026-06-19,"Marvell Technology, Inc. (MRVL) Names Adobe’s Dan Durn as Finance Chief","Marvell Technology, Inc. (NASDAQ:MRVL) is one of the 10 Best Photonic Computing Stocks to Buy Now. On June 11, Reuters reported that Marvell Technology, Inc. (NASDAQ:MRVL) named Dan Durn as chief financial officer, succeeding Willem Meintjes, with Durn set to start on June 15. Meintjes remains in an advisory role through April 2027. CEO Matt […]"
2026-06-19,What Is Driving Fresh Attention Toward Marvell Technology (NASDAQ:MRVL)?,"Marvell Technology remains in focus as artificial intelligence infrastructure, cloud computing, and custom semiconductor development continue shaping technology markets."
2026-06-19,Marvell Stock Just Hit a New High. A Quiet Amazon Decision Could Be Why.,A report that the cloud giant may start selling its custom AI chips to outside customers could broaden the market for the semiconductor specialist that designs them.
2026-06-19,Marvell Stock Just Hit a New High. A Quiet Amazon Decision Could Be Why.,A report that the cloud giant may start selling its custom AI chips to outside customers could broaden the market for the semiconductor specialist that designs them.
2026-06-19,"Major Stock Market Rebound: Dow (DJI), Nasdaq (IXIC), S&P 500 Perform Well",
2026-06-19,Amazon May Start Selling Its Custom AI Chips to Outside Companies. Should Nvidia Investors Be Worried?,The cloud giant's homegrown AI chips have remained within its data centers. But a new report suggests that may be about to change.
2026-06-19,Amazon May Start Selling Its Custom AI Chips to Outside Companies. Should Nvidia Investors Be Worried?,The cloud giant's homegrown AI chips have remained within its data centers. But a new report suggests that may be about to change.
2026-06-18,"MRVL Stock Jumps 14% Today — KeyBanc Lifts AI Networking Outlook, Raises Marvell’s Price Target","KeyBanc turns more constructive on Marvell, citing accelerating AI data center networking demand and long-term upside from its Celestial AI acquisition."
2026-06-18,"Oasis Capital weighs proxy fight at Vail Resorts, Semafor reports","The proxy-fight report follows a separate Semafor story published Thursday revealing that Vail has already engaged takeover-defense bankers to assess its vulnerabilities, with some of those conversations specifically focused on outside interest in the company’s mountain assets. Among the most prominent potential buyers named are Cloudflare CEO Matthew Prince, who has publicly expressed willingness to invest $500 million in Park City Mountain Resort and told a local Colorado publication that he h"
2026-06-18,What’s Fueling Data Centers Beyond The Biggest Chip Names?,"Explore Marvell Technology's role in custom silicon, data center connectivity, semiconductor design, and the evolving accelerated computing landscape."
2026-06-18,"Stock Market Today, June 18: Marvell Technology Surges on Price Target Hike","On June 18, 2026, Marvell Technology drew investor attention with a price upgrade and renewed AI confidence."
2026-06-18,Marvell Technology (NASDAQ:MRVL) Stock Price Up 7.3%  – What’s Next?,"Marvell Technology, Inc. (NASDAQ:MRVL – Get Free Report)’s share price traded up 7.3% during trading on Thursday . The stock traded as high as $329.88 and last traded at $310.58. 250,191,232 shares were traded during trading, an increase of 750% from the average daily volume of 29,434,893 shares. The stock had previously closed at $289.54. […]"
2026-06-18,"Is Marvell Technology, Inc. (MRVL) The Best Growth Stock to Buy?","Marvell Technology, Inc. (NASDAQ:MRVL) is one of the best growth stocks to buy, according to billionaire Ray Dalio’s Bridgewater Associates. On June 1, Marvell Technology, Inc."
2026-06-18,"Is Marvell Technology, Inc. (MRVL) The Best Growth Stock to Buy?","Marvell Technology, Inc. (NASDAQ:MRVL) is one of the best growth stocks to buy, according to billionaire Ray Dalio’s Bridgewater Associates. On June 1, Marvell Technology, Inc. (NASDAQ: MRVL) unveiled the industry’s first 102.4 Tbps switch, specifically designed for artificial intelligence and cloud data center infrastructure. Marvell Teralynx T100 is the new switch enabling the industry’s […]"
2026-06-18,"Stock Market Today, June 18: Marvell Technology Surges on Price Target Hike","On June 18, 2026, Marvell Technology drew investor attention with a price upgrade and renewed AI confidence."
2026-06-18,Marvell surged 7% Thursday as Amazon plans to sell Trainium chips externally,"Marvell is the lead design and manufacturing partner for AWS’s custom Trainium AI chips, making it a direct beneficiary of any broadening of that platform. Volume in MRVL reached roughly 188 million shares, more than five times its three-month daily average of around 36 million."
2026-06-18,Marvell surged 7% Thursday as Amazon plans to sell Trainium chips externally,"Marvell is the lead design and manufacturing partner for AWS's custom Trainium AI chips, making it a direct beneficiary of any broadening of that platform. Volume in MRVL reached roughly 188 million shares, more than five times its three-month daily average of around 36 million."
2026-06-18,Stocks Sharply Higher as US-Iran Peace Deal Eases Inflation Risks,"The S&P 500 Index ($SPX ) (SPY ) on Thursday closed up +1.08%, the Dow Jones Industrial Average ($DOWI ) (DIA ) closed up +0.14%, and the Nasdaq 100 Index ($IUXX ) (QQQ ) closed up +2.48%. September E-mini S&P futures (ESU26 ) rose +1.15%, and September E-mini Nasdaq futures..."
2026-06-18,Marvell Technology (NASDAQ:MRVL) Hits New 52-Week High  – Here’s Why,"Marvell Technology, Inc. (NASDAQ:MRVL – Get Free Report)’s share price hit a new 52-week high on Thursday . The company traded as high as $326.21 and last traded at $324.5850, with a volume of 30113463 shares changing hands. The stock had previously closed at $289.54. More Marvell Technology News Here are the key news stories […]"
2026-06-18,Intel (INTC) Soars on Apple Partnership as Chip Sector Rallies and SpaceX Stumbles,"Intel surges on Apple chip partnership, semiconductors rebound, SpaceX drops after IPO rally, oil falls on Iran hopes, and Apple faces rising costs."
2026-06-18,Why Marvell Technology (MRVL) Stock Is Up Today,"Shares of networking chips designer Marvell Technology (NASDAQ: MRVL) jumped 12.7% in the afternoon session after the company highlighted several positive developments, including plans to use TSMC's next-generation 1.4-nanometer chip technology, a major shipment milestone, and its upcoming inclusion in the S&P 500 index."
2026-06-18,Marvell Rallies on AI Demand,KeyBanc sees more upside from durable data center networking growth.
2026-06-18,Marvell Rallies on AI Demand,
2026-06-18,10 Information Technology Stocks With Whale Alerts In Today's Session, 
2026-06-18,Why Marvell Technology (MRVL) Stock Is Up Today,What Happened? Shares of networking chips designer Marvell Technology (NASDAQ: MRVL) jumped 12.7% in the afternoon session after the company highlighted seve...
2026-06-18,"Stocks making the biggest moves midday: Sandisk, Intel, Enphase Energy, Accenture, Exxon & more",Here are the companies making headlines in midday trading.
2026-06-18,MRVL Stock Surges As S&P 500 Inclusion And Price Target Hike Fuel AI Hype,"Marvell Technology Inc. stocks have been trading up by 12.51 percent after upbeat AI-chip demand news drove strong investor optimism. Key Takeaways For MRVL Traders S&P 500 inclusion on 2026/06/22 has already driven MRVL more than 8% higher in premarket trading, with index funds expected to add shares around the rebalance date. B. Riley lifted…"
2026-06-18,Marvell Technology Skyrocketed on a Stunning Nvidia Endorsement: Could It Be the Next Trillion-Dollar AI Stock?,The networking hardware and ASIC specialist's shares have gotten rather expensive recently.
2026-06-18,2 Mega-Cap Stocks to Research Further and 1 We Avoid,"Megacap stocks are behemoths that set the tone for their industries, and their massive scale typically leads to wide moats. However, the downside is that most have already exploited their existing market opportunities and must invest heavily to expand further, a risky proposition."
2026-06-18,Marvell Technology Skyrocketed on a Stunning Nvidia Endorsement: Could It Be the Next Trillion-Dollar AI Stock?,The networking hardware and ASIC specialist's shares have gotten rather expensive recently.
2026-06-18,Stocks Supported as Geopolitical Risks Recede,"The S&P 500 Index ($SPX ) (SPY ) today is up +0.99%, the Dow Jones Industrial Average ($DOWI ) (DIA ) is up +0.61%, and the Nasdaq 100 Index ($IUXX ) (QQQ ) is up +2.16%. September E-mini S&P futures (ESU26 ) are up +0.99%, and September E-mini Nasdaq futures..."
2026-06-18,"Quantumscape, Marvell Technology, Micron Technology And Other Big Stocks Moving Higher On Thursday","Dow Jones index up 200+ points on Thursday. Quantumscape shares rise 12.9%. Other notable gains: BFLY 31.3%, MFI 29.6%, SWBI 17.9%, VELO 16.3%"
2026-06-18,"Tower Semiconductor, Marvell Ship Over 5 Million Photonic Chips For AI Data Centers",Tower Semiconductor rises after announcing shipments of more than 5 million coherent PICs to Marvell for AI-driven networking applications.
2026-06-18,MRVL Maintained by Keybanc -- Price Target Raised to $385,
2026-06-18,Marvell Technology (MRVL) Shares Surge on Upgraded Price Target to $385,
2026-06-18,Stocks Rally as President Trump Signs a Preliminary Deal to End the US-Iran War,"The S&P 500 Index ($SPX ) (SPY ) today is up +0.73%, the Dow Jones Industrial Average ($DOWI ) (DIA ) is up +0.53%, and the Nasdaq 100 Index ($IUXX ) (QQQ ) is up +1.62%. June E-mini S&P futures (ESM26 ) are up +0.80%, and June E-mini Nasdaq futures..."
2026-06-18,MRVL vs. AMD: Which Semiconductor Stock Has an Edge in the AI Market?,
2026-06-18,MRVL vs. AMD: Which Semiconductor Stock Has an Edge in the AI Market?,Advanced Micro Devices' diversified AI portfolio and data center momentum stand out against Marvell Technology's networking strength.
2026-06-18,MRVL Stock Surges As S&P 500 Addition And Analyst Upgrade Fuel AI Hype,"Marvell Technology Inc. stocks have been trading up by 7.52 percent on bullish AI-chip demand and data-center growth optimism. Key Takeaways S&P 500 inclusion on 2026/06/22 has already pushed MRVL more than 8% higher premarket and is set to drive further index-related buying pressure. B. Riley hiked its MRVL price target to $345 from $240,…"
2026-06-18,Marvell Technology (MRVL) Stock Could Be 107% Overvalued After S&P 500 And Nvidia News,"Marvell Technology (MRVL) has been in focus after several catalysts converged, including its upcoming addition to the S&P 500, a deeper AI partnership with Nvidia, and a high profile CFO transition.
See our latest analysis for Marvell Technology.
Marvell Technology’s recent catalysts appear to have fed directly into the share price, with a 30 day share price return of 71.4% and a 1 year total shareholder return of 287.4% signaling strong momentum rather than a slow build.
If you are looking..."
2026-06-18,Marvell (MRVL) Stock Surges 6% as KeyBanc Boosts Price Target to $385 on Optical Networking Strength,"Marvell (MRVL) stock jumped 6% premarket after KeyBanc lifted its price target 48% to $385, emphasizing optical-networking growth potential."
2026-06-18,Jim Cramer Is Watching Marvell After Jensen Huang Called It the Next Trillion-Dollar Stock,Cramer's enthusiasm for the story has a limit: He questions whether the earnings power is there to justify that kind of ceiling.
2026-06-18,"Marvell Technology, Inc. (MRVL) is Attracting Investor Attention: Here is What You Should Know",
2026-06-18,"Marvell Technology, Inc. (MRVL) is Attracting Investor Attention: Here is What You Should Know","Marvell (MRVL) has received quite a bit of attention from Zacks.com users lately. Therefore, it is wise to be aware of the facts that can impact the stock's prospects."
2026-06-18,Jim Cramer's top 10 things to watch in the stock market Thursday,"Apple plans price hikes, and Intel is surging on comments from President Donald Trump."
2026-06-18,"Here are Thursday's biggest analyst calls: SpaceX, Apple, Marvell, CME, Palantir, Nike, Amazon, Micron & more",Here are the biggest calls on Wall Street on Thursday.
2026-06-18,"Infrastructure Capital Advisors LLC Purchases 2,575 Shares of Marvell Technology, Inc. $MRVL","Infrastructure Capital Advisors LLC grew its position in shares of Marvell Technology, Inc. (NASDAQ:MRVL – Free Report) by 5.0% during the 4th quarter, according to its most recent 13F filing with the Securities and Exchange Commission. The fund owned 54,177 shares of the semiconductor company’s stock after purchasing an additional 2,575 shares during the quarter. […]"
2026-06-18,"Stocks making the biggest moves premarket: Intel, Space X, Micron, Carnival & more",These are the stocks posting the largest moves in the premarket.
2026-06-18,"This AI infrastructure stock up more than 200% this year has more room to run, KeyBanc says",The bank has an overweight rating on the AI infrastructure name.
2026-06-18,Stocks Rally Before the Open on U.S.-Iran Peace Deal,"June S&P 500 E-Mini futures (ESM26) are up +0.98%, and June Nasdaq 100 E-Mini futures (NQM26) are up +1.64% this morning, pointing to a sharply higher open on Wall Street as sentiment got a boost after U.S. President Donald Trump signed a preliminary agreement to end the Iran war."
2026-06-18,US chip stocks gain after Apple-Intel partnership,Investing.com -- Shares of U.S. semiconductor companies climbed in premarket trading Thursday after President Trump said Apple has agreed to work with Intel to design and manufacture its chips domestically.
2026-06-18,Marvell Technology (MRVL) Achieves Milestone in Photonic Integrated Circuits,
2026-06-18,Why Is Marvell Technology Stock Gaining Thursday?,MRVL Technical Analysis: Marvell stock holds a powerful long-term uptrend near its 52-week high. Is a brief consolidation ahead?
2026-06-18,Wall St futures bounce back as US-Iran deal optimism balances hawkish Fed; Intel up,"June 18 (Reuters) - U.S. stock index futures rebounded on Friday after the previous session's selloff as optimism about a Middle East peace deal lifted shares of technology firms including Intel,"
2026-06-18,Marvell Stock Analysis: My Final Verdict,Investors want to know if it is too late to buy this soaring semiconductor stock.
2026-06-18,Tower Semiconductor and Marvell Ship Over Five Million Coherent Photonic ICs,"Tower’s advanced silicon photonics platform enables high-bandwidth, energy-efficient data center connectivity MIGDAL HAEMEK, Israel, June 18, 2026 - Tower Semiconductor (NASDAQ/TASE: TSEM), the leading foundry for high-value analog semiconductor solutions, today announced a significant milestone. The company, in partnership with Marvell Technology, has shipped over five million coherent photonic integrated circuits (PICs) to Marvell global customers, delivering advanced, high-performance photoni"
2026-06-18,Tower Semiconductor and Marvell Ship Over Five Million Coherent Photonic ICs,"Tower’s advanced silicon photonics platform enables high-bandwidth, energy-efficient data center connectivity MIGDAL HAEMEK, Israel, June 18, 2026 - Tower Semiconductor (NASDAQ/TASE: TSEM), the leading foundry for high-value analog semiconductor solutions, today announced a significant milestone. The company, in partnership with Marvell Technology, has shipped over five million coherent photonic integrated circuits (PICs) to Marvell global customers, delivering advanced, high-performance photoni"
2026-06-18,Vanguard VGT vs. iShares SOXX: Is Broad Tech Diversification or Semiconductor Stocks the Better Investment?,"Expense ratios, diversification, and risk profiles set these two popular tech ETFs apart for investors seeking different strategies."
2026-06-18,"The iShares Semiconductor ETF Is Obliterating the S&P 500 in 2026, but Is It Still a Buy? The Answer Might Surprise You.","This ETF has a big chunk of its portfolio parked in Micron, AMD, Intel, and Nvidia."
2026-06-18,Analyst Raises Marvell Technology (MRVL) Price Target by $105. Here is Why,"With a net profit margin of 28.99%, Marvell Technology, Inc. (NASDAQ:MRVL) is included among the 12 Most Profitable American Stocks to Buy in 2026. Marvell Technology, Inc. (NASDAQ:MRVL) designs custom silicon tailored for any application and offers the industry’s most comprehensive portfolio of interconnects and network switch products. From custom compute to rack, row, data […]"
2026-06-18,Analyst Raises Marvell Technology (MRVL) Price Target by $105. Here is Why,"Marvell Technology, Inc. (NASDAQ:MRVL) designs custom silicon tailored for any application and offers the industry’s most comprehensive portfolio of interconnects and network switch products."
2026-06-17,Marvell Forecasting Booming Sales for Custom Chips,The stock price is reflecting the increase in business.
2026-06-17,"Stock Market Today, June 17: Marvell Rises as AI Bookings Build on Nvidia-Linked Momentum","Marvell’s custom AI chips and optical-networking exposure give investors a clearer data-center growth angle, with the next test tied to whether demand for custom chips and optical networking will translate into sales and profit growth."
2026-06-17,"Stock Market Today, June 17: Marvell Rises as AI Bookings Build on Nvidia-Linked Momentum","Marvell’s custom AI chips and optical-networking exposure give investors a clearer data-center growth angle, with the next test tied to whether demand for custom chips and optical networking will translate into sales and profit growth."
2026-06-17,Marvell Technology Inc (MRVL) Stock Up 3.9% but GF Value Says Overvalued -- GF Score: 76/100,
2026-06-17,Marvell Technology (NASDAQ:MRVL) Shares Up 3.9%  – What’s Next?,"Shares of Marvell Technology, Inc. (NASDAQ:MRVL – Get Free Report) shot up 3.9% on Wednesday . The stock traded as high as $307.37 and last traded at $289.54. 50,038,934 shares changed hands during mid-day trading, an increase of 80% from the average session volume of 27,837,594 shares. The stock had previously closed at $278.67. Marvell […]"
2026-06-17,Stocks Retreat as Fed Signals Possible Higher Interest Rates,"The S&P 500 Index ($SPX ) (SPY ) on Wednesday closed down -1.21%, the Dow Jones Industrial Average ($DOWI ) (DIA ) closed down -0.98%, and the Nasdaq 100 Index ($IUXX ) (QQQ ) closed down -0.99%. June E-mini S&P futures (ESM26 ) fell -1.19%, and June E-mini Nasdaq futures..."
2026-06-17,Best Infrastructure Stocks To Follow Now – June 17th,"Marvell Technology, Vertiv, Nokia, Astera Labs, Alibaba Group, Coinbase Global, and Cerebras Systems are the seven Infrastructure stocks to watch today, according to MarketBeat’s stock screener tool. Infrastructure stocks are shares of companies that own, build, operate, or maintain essential physical systems and assets such as roads, bridges, utilities, airports, pipelines, and communication networks. For […]"
2026-06-17,"Marvell Stock Soars 228% This Year. Data Center Momentum Is Still Hot, But Future Upside May Be Limited.",Marvell’s growth trajectory remains solid. It will continue to benefit from AI infrastructure spending and strong bookings.
2026-06-17,3 Beaten-Down Stocks That Could Roar Back in June,"June is shaping up as a stock-picker's month. Volatility has settled, and contrarian investors are scanning for quality names trading well off their highs."
2026-06-17,Elon Musk’s wealth has now surpassed Bitcoin market cap amid SpaceX’s continued rally,"SpaceX’s explosive public-market debut has pushed Elon Musk’s fortune above the world’s largest cryptocurrency, Bitcoin."
2026-06-17,"Marvell, Flex Could Be Days Away From Massive Passive-Fund Tailwind","Marvell and Flex join the S&P 500 on June 22, setting up potential buying from passive funds and ETFs as investors continue searching for AI infrastructure winners."
2026-06-17,Marvell Gains Attention After Nvidia Backing,Nvidia's reported $2 billion investment adds weight to Marvell's role in AI data center infrastructure.
2026-06-17,Marvell Gains Attention After Nvidia Backing,
2026-06-17,GraniteShares 2x Long MRVL Daily ETF (NASDAQ:MVLL) Trading Up 9.6%  – Time to Buy?,"Shares of GraniteShares 2x Long MRVL Daily ETF (NASDAQ:MVLL – Get Free Report) shot up 9.6% during mid-day trading on Wednesday . The stock traded as high as $175.00 and last traded at $170.70. 557,282 shares traded hands during trading, a decline of 50% from the average session volume of 1,116,021 shares. The stock had […]"
2026-06-17,Stocks Mixed Ahead of FOMC Meeting Results,"The S&P 500 Index ($SPX ) (SPY ) today is down -0.15%, the Dow Jones Industrial Average ($DOWI ) (DIA ) is up +0.23%, and the Nasdaq 100 Index ($IUXX ) (QQQ ) is up +0.30%. June E-mini S&P futures (ESM26 ) are down -0.17%, and June E-mini Nasdaq futures..."
2026-06-17,Prediction: Marvell Stock Will Hit $300 On This Date,"Marvell Technology (NASDAQ:MRVL | MRVL Price Prediction) has gone vertical. Shares have tripled in a year on the back of accelerating AI bookings, and the question now is whether the rally has more room to run or whether expectations have lapped fundamentals. Our 24/7 Wall St. price target for Marvell is $323.10, pointing to roughly ... Prediction: Marvell Stock Will Hit $300 On This Date"
2026-06-17,ADI vs. ALAB: Which AI Semiconductor Stock is a Better Buy?,"Analog Devices combines AI-driven communications growth with diversified end markets, while Astera Labs' rapid expansion faces premium valuation and rising competition."
2026-06-17,More SpaceX Stock Was Bought in 2 Days Than Every Other Stock Combined Last Week,"The stock market has no shortage of stories competing for investors’ attention. Artificial intelligence spending is accelerating, semiconductor stocks continue to benefit from data center demand, and the Federal Reserve remains a major market driver. Yet over the past several trading sessions, SpaceX (NASDAQ:SPCX) sucked all the oxygen out of the room and captured an ... More SpaceX Stock Was Bought in 2 Days Than Every Other Stock Combined Last Week"
2026-06-17,What Is Going On With Marvell Stock On Wednesday?,Marvell (MRVL) stock jumps 3.01% premarket to $287.47 after NVIDIA CEO Jensen Huang predicts it will become the next trillion-dollar company via a new $2B AI chip alliance.
2026-06-17,Semiconductor Stocks Climb in Premarket Trade Following Intel Manufacturing Milestone,"Chipmakers moved higher in premarket trading on Wednesday, with Intel (NASDAQ:INTC) leading the sector after announcing a significant advancement in its next-generation manufacturing technology. The gains helped reverse some of the weakness seen across semiconductor stocks during Tuesday’s session, lifting sentiment across the broader industry."
2026-06-17,AI Chips Update - Advancing European AI with Bull and Foxconn Collaboration,"Bull and Foxconn have reached a significant milestone in their collaboration to advance AI infrastructure in Europe with the production of key components using the NVIDIA Vera Rubin NVL72 platform. This development marks a significant step in manufacturing AI systems in Europe, primarily processed at Foxconn's Czech facilities and completed at Bull’s plant in France. Designed to cater to demanding AI workloads, these systems aim to support cloud providers and AI factories across Europe. The..."
2026-06-17,Chip stocks rebound premarket as Intel manufacturing update lifts sector,"Investing.com -- Chip stocks have rebounded in premarket trading Wednesday, led by Intel after the company announced its next-generation 18A-P manufacturing process had reached the risk production stage."
2026-06-17,Goldman Says Marvell and Micron Are Positioned for AI’s Next Wave: 5 Stocks to Consider Now,"BlackRock’s Jay Jacobs told Earn Your Leisure that the hyperscalers are set to spend ""close to a trillion dollars this year on CapEx"", and that math problem is the entire trade. Goldman just flagged Marvell and Micron as the next-wave winners. The tape already agrees: MRVL is up 230% year to date and MU is ... Goldman Says Marvell and Micron Are Positioned for AI’s Next Wave: 5 Stocks to Consider Now"
2026-06-17,Nasdaq Futures Climb as Chip Stocks Rebound Ahead of First Fed Decision Under Warsh,"June Nasdaq 100 E-Mini futures (NQM26) are up +0.54% this morning, signaling a rebound from yesterday’s selloff, while investors await the first Federal Reserve rate decision under Kevin Warsh."
2026-06-17,Should Vanguard Extended Market Index Fund ETF Shares (VXF) Be on Your Investing Radar?,Style Box ETF report for VXF
2026-06-17,10 Best Growth Stocks to Buy According to Billionaire Ray Dalio’s Bridgewater Associates,"In this article, we will discuss the 10 Best Growth Stocks to Buy According to Billionaire Ray Dalio’s Bridgewater Associates. Strong earnings growth has underscored the need to focus on growth stocks amid an equity market battered by monetary policy uncertainties, surging inflation, and unending geopolitical tensions. Earnings growth is expected to remain robust for […]"
2026-06-17,US Stock Market Today: S&P 500 Futures Slip As Fed Rate Uncertainty Lingers,"The Morning Bull - US Market Morning Update Wednesday, Jun, 17 2026
US stock futures are mixed in early trading, with S&P 500 contracts slightly in the red while Nasdaq futures edge higher. The key driver is the US 10 year government bond yield sitting near 4.47% ahead of the Federal Reserve meeting, which means borrowing costs for mortgages, credit cards and companies remain elevated. At the same time, fresh data shows US factories are treading water, with industrial production up just 0.1%..."
2026-06-17,"WDC Stock To $1,000? Retail Traders Pile Into Memory Underdog After SNDK, MU Rallies: Here's A Key Signal Left Unnoticed","WDC stock is riding a four-day winning streak, gaining nearly 40% over the period and bucking the broader market weakness."
2026-06-17,"AAOI, LITE, COHR, MRVL Stocks Bounce Back Overnight: Why AI Photonics Stocks Drew Attention Today","Tech and semiconductor stocks dropped in regular trading on Tuesday, taking a breather after an early-week rally fueled by the U.S.-Iran peace deal."
2026-06-17,Custom AI Chips Are Coming for Nvidia's Crown. Here Are 2 Companies Quietly Cashing In.,"As the largest cloud companies design more of their own AI chips, two semiconductor specialists are capturing a fast-growing slice of that spending."
2026-06-17,Custom AI Chips Are Coming for Nvidia's Crown. Here Are 2 Companies Quietly Cashing In.,"As the largest cloud companies design more of their own AI chips, two semiconductor specialists are capturing a fast-growing slice of that spending."
2026-06-16,"Marvell Technology, Nova, and KLA Corporation Stocks Trade Down, What You Need To Know",A number of stocks fell in the afternoon session after chip stocks sold off in a session that laid bare the structural tension building beneath the sector's recent rally.
2026-06-16,Insider Sell: Matthew Murphy Sells Shares of Marvell Technology Inc (MRVL),
2026-06-16,Stocks Indexes Finish Mostly Lower as Chipmakers Retreat,"The S&P 500 Index ($SPX ) (SPY ) on Tuesday closed down -0.57%, the Dow Jones Industrial Average ($DOWI ) (DIA ) closed up +0.64%, and the Nasdaq 100 Index ($IUXX ) (QQQ ) closed down -1.89%. June E-mini S&P futures (ESM26 ) fell -0.60%, and June E-mini Nasdaq futures..."
2026-06-16,Dow Notches New High as Tech Stocks Drop: Stock Market Today,JPMorgan and Visa helped the Dow Jones Industrial Average close at its highest level ever.
2026-06-16,"Marvell Technology, Nova, and KLA Corporation Stocks Trade Down, What You Need To Know",What Happened? A number of stocks fell in the afternoon session after chip stocks sold off in a session that laid bare the structural tension building beneat...
2026-06-16,Marvell's 265% Surge Faces $1 Trillion Test,"Huang's bullish call boosts Marvell, but revenue growth may need to accelerate sharply."
2026-06-16,Marvell's 265% Surge Faces $1 Trillion Test,
2026-06-16,Marvell Technology (MRVL) Poised for Growth After CEO's $1 Trillion Valuation Prediction,
2026-06-16,Here's How Much You Would Have Made Owning Marvell Technology Stock In The Last 5 Years, 
2026-06-16,"This will be the summer of the 'everything rally', says Wells Fargo","It won't just be tech and artificial intelligence stocks driving gains over the next several months, according to Wells Fargo."
2026-06-16,What's Going On With Marvell Technology Stock Tuesday?,MRVL slips 1.42% in premarket trading after Monday's massive 10.4% surge. Read the latest Marvell technical analysis and stock updates.
2026-06-16,Marvell Needs Lots of Growth to Achieve Huang’s $1 Trillion Call,
2026-06-16,Marvell Needs Lots of Growth to Achieve Huang’s $1 Trillion Call,"(Bloomberg) -- Jensen Huang may see Marvell Technology Inc. as the stock market’s “next trillion-dollar company,” but it’s going to take a lot of growth for the chipmaker to even sniff that lofty level. Most Read from BloombergIran’s Deputy Foreign Minister Confirms Deal Reached With USStudios in Microsoft’s Xbox Division Brace for ClosuresNetanyahu Pays a Political Price for Trump’s Iran DealUS and Iran Agree to Halt War, Restart Middle East Oil ShipmentsUS at Odds With Allies Over How Easy It"
2026-06-16,Massive News for Marvell Stock Investors!,Marvell's share price is soaring on strong fundamentals.
2026-06-16,Marvell (MRVL) Stock Surges 9% on Analyst Upgrade and Leadership Shift,Marvell (MRVL) stock surged 9% Monday on analyst upgrades and a new CFO hire. B. Riley set a $345 target citing AI growth. Earnings expected August 27.
2026-06-16,Marvell (MRVL) Stock Surges 9% on Analyst Upgrade and Leadership Shift,Marvell (MRVL) stock surged 9% Monday on B. Riley's $345 price target upgrade and new CFO announcement. Here's what investors need to know.
2026-06-16,MRVL Stock Inches Lower Premarket: Outgoing CFO Files To Sell $65M Shares,"Willem Meintjes has filed to sell 211,329 Marvell shares, while newly appointed CFO Dan Durn received restricted stock units."
2026-06-16,Why Is Everyone Talking About Marvell Stock?,The semiconductor design company is exciting investors about its prospects.
2026-06-16,"Micron, Marvell, Fox, Fiserv And Western Digital: Why These 5 Stocks Are On Investors' Radars Today","MU, MRVL, FOX, FISV, WDC were among the stocks seen trending on Monday, June 15, 2026."
2026-06-16,"Micron, Marvell, Fox, Fiserv And Western Digital: Why These 5 Stocks Are On Investors' Radars Today","MU, MRVL, FOX, FISV, WDC were among the stocks seen trending on Monday, June 15, 2026."
2026-06-16,Intel gets a $170 billion AI reason to matter again,"For much of the artificial intelligence boom, investors have heard one simple story. Graphics processing units were at the center of it all. That thesis made Nvidia (NVDA) a must-have in the stock market. It also drove investors to Advanced Micro Devices (AMD), Broadcom (AVGO), Marvell Technology ..."
2026-06-15,"Everpure (P) Stock Trades Up, Here Is Why",Shares of data storage solutions provider Everpure (NYSE:P) jumped 2.7% in the morning session after the Trump administration announced a new peace deal that would lead to the reopening of the Strait of Hormuz.
2026-06-15,"Dell (DELL) Stock Is Up, What You Need To Know",Shares of computer hardware and IT solutions company Dell (NYSE:DELL) jumped 3.8% in the morning session after the Trump administration announced a new peace deal that would lead to the reopening of the Strait of Hormuz.
2026-06-15,Why Super Micro (SMCI) Stock Is Up Today,Shares of server solutions provider Super Micro (NASDAQ:SMCI) jumped 3.3% in the morning session after the Trump administration announced a new peace deal that would lead to the reopening of the Strait of Hormuz.
2026-06-15,Why IonQ (IONQ) Stock Is Up Today,Shares of quantum computing company IonQ (NYSE:IONQ) jumped 5.6% in the morning session after the Trump administration announced a new peace deal that would lead to the reopening of the Strait of Hormuz.
2026-06-15,Why Custom Chips Are Suddenly The Talk Of The Tech Floor?,"Marvell Technology is gaining attention as custom AI silicon, cloud infrastructure, and data-center networking become central themes across the technology sector."
2026-06-15,Marvell Technology Inc (MRVL) Stock Up 10.4% but GF Value Says Overvalued -- GF Score: 76/100,
2026-06-15,Stocks Settle Sharply Higher as US-Iran Peace Deal Spurs Optimism,"The S&P 500 Index ($SPX ) (SPY ) on Monday closed up +1.65%, the Dow Jones Industrial Average ($DOWI ) (DIA ) closed up +0.92%, and the Nasdaq 100 Index ($IUXX ) (QQQ ) closed up +3.06%. June E-mini S&P futures (ESM26 ) rose +1.68%, and June E-mini Nasdaq futures..."
2026-06-15,The AI Infrastructure Surge Is Now Bigger Than The AI Boom Itself,Capital is increasingly flowing into the software and systems that make AI possible rather than the applications consumers see.
2026-06-15,How Marvell Broke The Law Of Large Numbers,"The chipmaker convinced Wall Street its recent growth was only the beginning, sparking a stock rally that never looked back."
2026-06-15,Wall Street hits record high on US-Iran peace deal,US stocks surged to a record high on Monday after the United States and Iran announced a tentative deal to end the conflict in the Middle East and reopen the Strait of Hormuz.
2026-06-15,"Everpure (P) Stock Trades Up, Here Is Why",What Happened? Shares of data storage solutions provider Everpure (NYSE:P) jumped 2.7% in the morning session after the Trump administration announced a new ...
2026-06-15,Why IonQ (IONQ) Stock Is Up Today,What Happened? Shares of quantum computing company IonQ (NYSE:IONQ) jumped 5.6% in the morning session after the Trump administration announced a new peace d...
2026-06-15,"Dell (DELL) Stock Is Up, What You Need To Know",What Happened? Shares of computer hardware and IT solutions company Dell (NYSE:DELL) jumped 3.8% in the morning session after the Trump administration announ...
2026-06-15,Why Super Micro (SMCI) Stock Is Up Today,What Happened? Shares of server solutions provider Super Micro (NASDAQ:SMCI) jumped 3.3% in the morning session after the Trump administration announced a ne...
2026-06-15,Jensen Huang Says Marvell Technology Is the Next Trillion-Dollar Company. How Quickly Can It Get There?,"At around $250 billion in market cap, Marvell's stock could have considerable upside of Huang's prediction proves to be true."
2026-06-15,Stocks Rally as US-Iran Peace Deal Sinks Oil and Bond Yields,"The S&P 500 Index ($SPX ) (SPY ) today is up +1.67%, the Dow Jones Industrial Average ($DOWI ) (DIA ) is up +1.24%, and the Nasdaq 100 Index ($IUXX ) (QQQ ) is up +2.79%. June E-mini S&P futures (ESM26 ) are up +1.72%, and June E-mini Nasdaq futures..."
2026-06-15,The AI Trade Is Short-Term. The AI Investment Is a Decade: BlackRock’s Three-Phase Framework,"For much of the past three years, Wall Street has treated artificial intelligence as a single trade. Buy the chipmaker, sell the laggard, repeat. Jay Jacobs of BlackRock, speaking with Troy Millings on the Earn Your Leisure podcast, drew a sharper line. The AI trade is short. The AI investment, he argued, ""is going to ... The AI Trade Is Short-Term. The AI Investment Is a Decade: BlackRock’s Three-Phase Framework"
2026-06-15,Marvell Technology CEO Matt Murphy Believes This Is The 'Most Beautiful Thing' One Person Can Do For Another And It Can 'Change Their Life',"Marvell Technology Inc. CEO Matt Murphy says one of the most powerful things a leader can give another person is confidence, calling it the kind of support that can change the course of a life and career. Gifford's Confidence Helped..."
2026-06-15,Jensen Huang Says Marvell Technology Is the Next Trillion-Dollar Company. How Quickly Can It Get There?,"At around $250 billion in market cap, Marvell's stock could have considerable upside of Huang's prediction proves to be true."
2026-06-15,What's Going On With Marvell Technology Stock Monday?,Marvell ($MRVL) stock rises as investors pile into AI and chip stocks during a broad market rally. Get the latest price action here.
2026-06-15,Iran deal trader playbook: Stick with tech,The U.S. and Iran reached a preliminary agreement that would end a war that sent energy prices soaring and sparked volatility across financial markets.
2026-06-15,Chips Up 8.8% in One Week: 5 Semiconductor Names Breaking Into New Highs,"The semiconductor sector ripped 8.8% in a single week, with the SMH ETF closing at $619.96 on June 12, 2026, reclaiming levels above both Tuesday’s and Friday’s highs after getting hard hit last Friday. The host of Stock Market Today With IBD said the ETF contains a lot of chips that are well into new ... Chips Up 8.8% in One Week: 5 Semiconductor Names Breaking Into New Highs"
2026-06-15,Chips Up 8.8% in One Week: 5 Semiconductor Names Breaking Into New Highs,"The semiconductor sector ripped 8.8% in a single week, with the SMH ETF closing at $619.96 on June 12, 2026, reclaiming levels above both Tuesday’s and Friday’s highs after getting hard hit last Friday. The host of Stock Market Today With IBD said the ETF contains a lot of chips that are well into new ... Chips Up 8.8% in One Week: 5 Semiconductor Names Breaking Into New Highs"
2026-06-15,5 Things to Know Before the Stock Market Opens,"News of the day for June 15, 2026"
2026-06-15,"Public Employees Retirement Association of Colorado Reduces Stock Position in Marvell Technology, Inc. $MRVL","Public Employees Retirement Association of Colorado reduced its holdings in shares of Marvell Technology, Inc. (NASDAQ:MRVL – Free Report) by 3.0% during the fourth quarter, HoldingsChannel.com reports. The institutional investor owned 1,029,271 shares of the semiconductor company’s stock after selling 32,161 shares during the quarter. Public Employees Retirement Association of Colorado’s holdings in Marvell Technology […]"
2026-06-15,"Stocks Set to Open Sharply Higher as Oil Sinks on U.S.-Iran Deal, Fed Meeting Awaited","June S&P 500 E-Mini futures (ESM26) are up +1.22%, and June Nasdaq 100 E-Mini futures (NQM26) are up +1.99% this morning, pointing to a sharply higher open on Wall Street as oil prices sank after the U.S. and Iran reached an interim peace deal that would reopen the Strait of Hormuz."
2026-06-15,1 Semiconductor Stock Worth Your Attention and 2 We Brush Off,"Semiconductors are the picks and shovels of modern technology. Compute-intensive AI workloads are also priming them for the next wave of secular growth, so it’s no wonder the industry has outperformed the market over the past six months, delivering returns of 112% compared to 8.4% for the S&P 500."
2026-06-15,1 Semiconductor Stock Worth Your Attention and 2 We Brush Off,"Semiconductors are the picks and shovels of modern technology. Compute-intensive AI workloads are also priming them for the next wave of secular growth, so i..."
2026-06-14,Tech Shakeup on the S&P 500,"The S&P 500 index is removing Pool Corp and Campbell Soup, replacing them with Marvell Technology and Flex. The team discusses what this means for investors."
2026-06-14,Tech Shakeup on the S&P 500,"The S&P 500 index is removing Pool Corp and Campbell Soup, replacing them with Marvell Technology and Flex. The team discusses what this means for investors."
2026-06-14,Survey Shows AI Starting to Help Resolve Shortage of Accountants,
2026-06-14,SMH vs. SOXX vs. SOXQ: Which Semiconductor ETF Is the Best Buy Right Now?,Which semiconductor ETF to choose comes down to cost and portfolio construction. One wins on both counts.
2026-06-14,Top investment bank resets Adobe target as AI strategy backfires,"Adobe (ADBE), the software maker behind Photoshop and Acrobat, beat earnings estimates for its May quarter and lifted its full-year guidance. However, the company told Wall Street that it would grow a bit more slowly this year, even as it reported record sales. Investors sold ADBE on the news, ..."
2026-06-14,'s 'Stock Whisper' Index: 5 Stocks Investors Secretly Monitor But Don't Talk About Yet,The Benzinga Stock Whisper Index highlights five stocks seeing increased investor interest during the week and looks at the catalysts driving attention.
2026-06-14,"Prediction: This Will Be the Next $1 Trillion Artificial Intelligence (AI) Chip Stock, According to Jensen Huang",Jensen Huang recently declared Marvell Technology would become the next AI chip stock to reach a $1 trillion market cap.
2026-06-14,Marvell Joins the S&P 500 on June 22：How the Index-Inclusion Trade Actually Works,"Marvell joins the S&P 500 on June 22, 2026 after an AI-driven rally that reportedly tripled its value. Inclusion forces index funds and ETFs to buy the stock to match its weight, creating mechanical demand around the effective date. But that demand is often priced in once announced, and inclusion"
2026-06-14,"Prediction: This Will Be the Next $1 Trillion Artificial Intelligence (AI) Chip Stock, According to Jensen Huang",Jensen Huang recently declared Marvell Technology would become the next AI chip stock to reach a $1 trillion market cap.
2026-06-14,Why Marvell Technology Stock Surged This Week,Marvell stock is now up 229% in 2026.
2026-06-14,Why Marvell Technology Stock Surged This Week,Marvell stock is now up 229% in 2026.
2026-06-13,"Micron Stock Has Become Volatile, But Key Metric Hints at Further Gains","Micron stock price has become highly volatile this month, but key valuation metrics suggest it has more gains to go."
2026-06-13,What's Going on With Marvell Stock?,The semiconductor design company is forecasting strong growth for several years.
2026-06-13,Nvidia Stock Just Did Something for the First Time in More Than 5 Years. Here's What History Says Happens Next.,"Nvidia stock has only gained 8% this year, roughly in line with the S&P 500."
2026-06-13,"Marvell Technology, Inc. $MRVL Shares Bought by Van ECK Associates Corp","Van ECK Associates Corp lifted its stake in Marvell Technology, Inc. (NASDAQ:MRVL – Free Report) by 11.4% in the 4th quarter, according to its most recent Form 13F filing with the Securities & Exchange Commission. The firm owned 9,864,514 shares of the semiconductor company’s stock after purchasing an additional 1,007,315 shares during the period. Van […]"
2026-06-13,Nvidia Stock Just Did Something for the First Time in More Than 5 Years. Here's What History Says Happens Next.,"Nvidia stock has only gained 8% this year, roughly in line with the S&P 500."
2026-06-13,GraniteShares 2x Long MRVL Daily ETF (NASDAQ:MVLL) Sees Large Volume Increase  – Here’s Why,"Shares of GraniteShares 2x Long MRVL Daily ETF (NASDAQ:MVLL – Get Free Report) saw an uptick in trading volume on Thursday . 858,135 shares traded hands during trading, a decline of 19% from the previous session’s volume of 1,059,575 shares.The stock last traded at $145.73 and had previously closed at $133.18. GraniteShares 2x Long MRVL […]"
2026-06-13,Marvell (MRVL) Stock Soars on Adobe CFO Hire and Nvidia Endorsement Ahead of S&P 500 Addition,"Marvell (MRVL) stock receives 44% price target increase to $345 from B. Riley after CFO hire from Adobe, Nvidia CEO endorsement, and S&P 500 inclusion."
2026-06-13,"Polymer Capital Management HK LTD Buys New Position in Marvell Technology, Inc. $MRVL","Polymer Capital Management HK LTD bought a new stake in Marvell Technology, Inc. (NASDAQ:MRVL – Free Report) in the fourth quarter, HoldingsChannel reports. The fund bought 2,699 shares of the semiconductor company’s stock, valued at approximately $229,000. Other large investors have also recently made changes to their positions in the company. Vanguard Group Inc. lifted […]"
2026-06-13,Nvidia CEO Jensen Huang Says This Will Be the Next $1 Trillion Company,Marvell would need to deliver some serious returns to join the $1 trillion club.
2026-06-13,Nvidia CEO Jensen Huang Says This Will Be the Next $1 Trillion Company,Marvell would need to deliver some serious returns to join the $1 trillion club.
2026-06-13,"First National Bank of Omaha Takes Position in Marvell Technology, Inc. $MRVL","First National Bank of Omaha acquired a new stake in Marvell Technology, Inc. (NASDAQ:MRVL – Free Report) during the 4th quarter, according to its most recent Form 13F filing with the Securities and Exchange Commission (SEC). The institutional investor acquired 112,924 shares of the semiconductor company’s stock, valued at approximately $9,797,000. Several other large investors […]"
2026-06-12,Marvell Names Dan Durn CFO As AI And S&P 500 Stakes Rise,"Marvell Technology (NasdaqGS:MRVL) has appointed former Adobe finance chief Dan Durn as its new Chief Financial Officer.
Durn, who previously held senior roles at Adobe, Applied Materials, NXP Semiconductors, and GlobalFoundries, steps in during a period of AI focused expansion for the company.
The leadership change comes as Marvell prepares for inclusion in the S&P 500 index, drawing additional attention from index and institutional investors.

Marvell focuses on data infrastructure..."
2026-06-12,Poet Technologies Skyrocketed Today -- Is the Stock a Buy Right Now?,Poet stock is still down 39% from its 52-week high after a recent pop. Should investors be buying?
2026-06-12,Why Adobe Stock Fell Today,Artificial intelligence (AI)-powered threats are forcing the software giant to adopt a risky new growth strategy.
2026-06-12,Why Adobe Stock Fell Today,Artificial intelligence (AI)-powered threats are forcing the software giant to adopt a risky new growth strategy.
2026-06-12,Why Adobe (ADBE) Stock Is Falling Today,Shares of creative software giant Adobe (NASDAQ:ADBE) fell 6.8% in the afternoon session after it reported Q2 2026 earnings which failed to impress the market despite beating across the board.
2026-06-12,Q1 Earnings Outperformers: Lam Research (NASDAQ:LRCX) And The Rest Of The Semiconductor Manufacturing Stocks,"As the craze of earnings season draws to a close, here’s a look back at some of the most exciting (and some less so) results from Q1. Today, we are looking at semiconductor manufacturing stocks, starting with Lam Research (NASDAQ:LRCX)."
2026-06-12,Why Adobe Stock Just Hit Its Lowest Point in 8 Years,Worries about Adobe's growth plans and turnover inside the company's C-suite have the stock tumbling to its lowest point in eight years.
2026-06-12,10 Information Technology Stocks With Whale Alerts In Today's Session, 
2026-06-12,Adobe trades revenue for reach as AI monetization stays elusive,"Adobe Inc (NASDAQ:ADBE) shares fell 6.7% on Friday after the software company cut its organic annual recurring revenue growth guidance, announced a surprise CFO departure, and signaled a shift toward freemium AI products that analysts say leaves key monetization questions unanswered. The..."
2026-06-12,"Equities Research Analysts’ Updated EPS Estimates for June 12th (ADBE, BANF, BNL, CLYM, COYA, DIS, DMRA, DRVN, EPR, ES)","Equities Research Analysts’ updated eps estimates for Friday, June 12th: Adobe (NASDAQ:ADBE) had its market perform rating reiterated by analysts at Citizens Jmp. BancFirst (NASDAQ:BANF) had its neutral rating reissued by analysts at DA Davidson. DA Davidson currently has a $125.00 target price on the stock. Broadstone Net Lease (NYSE:BNL) was downgraded by analysts at […]"
2026-06-12,Why Adobe (ADBE) Stock Is Falling Today,What Happened? Shares of creative software giant Adobe (NASDAQ:ADBE) fell 6.8% in the afternoon session after it reported Q2 2026 earnings which failed to im...
2026-06-12,Marvell Technology (NASDAQ:MRVL) Shares Gap Down   – Time to Sell?,"Marvell Technology, Inc. (NASDAQ:MRVL – Get Free Report) shares gapped down before the market opened on Friday . The stock had previously closed at $280.71, but opened at $270.07. Marvell Technology shares last traded at $280.5840, with a volume of 7,582,388 shares changing hands. Key Stories Impacting Marvell Technology Here are the key news stories […]"
2026-06-12,Adobe CFO’s exit leaves leadership gap,Daniel Durn’s departure leaves the tech platform fielding another executive search as it continues its hunt for a CEO successor to long-time top executive Shantanu Narayen.
2026-06-12,"The Zacks Analyst Blog Highlights Micron Technology, Marvell Technology, NVIDIA and Sandisk",
2026-06-12,"The Zacks Analyst Blog Highlights Micron Technology, Marvell Technology, NVIDIA and Sandisk","Micron's AI-fueled rise is drawing attention, but Marvell, NVIDIA and Sandisk are emerging as AI infrastructure plays with strong growth outlook"
2026-06-12,BC-Most Active Stocks,"YY Group Holdings Ltd. 24,073,070 0.1227"
2026-06-12,Adobe's CFO Jumps Ship To Marvell For 'Once-In-A-Generation' AI Expansion,Marvell ($MRVL) stock dips 3% amid tech profit-taking. Shares hold strong uptrend near $273 despite market pressure.
2026-06-12,Marvell (MRVL) Recruits Adobe’s Finance Chief as Stock Surges 230% This Year,"Marvell (MRVL) appoints Adobe's Dan Durn as new CFO effective June 15, reaffirms Q2 guidance as stock surges 230% year-to-date on AI demand."
