Date,Ticker,gpu_mentions,capex_up_score,capex_down_score,competitor_mentions,capex_net,ai_sentence_ratio
2004-10-07,AMD,0.0,0.0,0.0,0.0,0.0,0.0
2004-10-12,INTC,0.0,0.0,0.0,0.0,0.0,0.0
2004-10-21,AMZN,0.0,0.0,0.0,0.0,0.0,0.0
2004-10-21,MSFT,0.0,0.0,0.0,0.0,0.0,0.0
2004-10-27,NVDA,0.0,0.0,0.0,0.0,0.0,0.0
2004-11-04,NVDA,0.0,0.0,0.0,0.0,0.0,0.0
2004-11-08,MSFT,0.0,0.0,0.0,0.0,0.0,0.0
2005-01-11,INTC,0.0,0.0,0.0,0.0,0.0,0.0
2005-01-18,AMD,0.0,0.0,0.0,0.0,0.0,0.0
2005-01-27,MSFT,0.0,0.0,0.0,0.0,0.0,0.0
2005-02-02,AMZN,0.0,0.0,0.0,0.0,0.0,0.0
2005-02-02,NVDA,0.0,0.0,0.0,0.0,0.0,0.0
2005-02-17,NVDA,0.0,0.0,0.0,0.0,0.0,0.0
2005-04-11,MSFT,0.0,0.0,0.0,0.0,0.0,0.0
2005-04-13,AMD,0.0,0.0,0.0,0.0,0.0,0.0
2005-04-19,INTC,0.0,0.0,0.0,0.0,0.0,0.0
2005-04-26,AMZN,0.0,0.0,0.0,0.0,0.0,0.0
2005-04-28,MSFT,0.0,0.0,0.0,0.0,0.0,0.0
2005-05-12,NVDA,0.0,0.0,0.0,0.0,0.0,0.0
2005-07-13,AMD,0.0,0.0,0.0,0.0,0.0,0.0
2005-07-19,INTC,0.0,0.0,0.0,0.0,0.0,0.0
2005-07-21,MSFT,0.0,0.0,0.0,0.09238728750923873,0.0,0.0
2005-07-26,AMZN,0.0,0.0,0.0,0.0,0.0,0.0
2005-08-11,NVDA,0.0,0.0,0.0,0.0,0.0,0.0
2005-10-11,AMD,0.0,0.0,0.0,0.0,0.0,0.0
2005-10-18,INTC,0.0,0.0,0.0,0.0,0.0,0.0
2005-10-25,AMZN,0.0,0.0,0.0,0.0,0.0,0.0
2005-10-27,MSFT,0.0,0.0,0.0,0.0,0.0,0.0
2005-11-09,NVDA,0.0,0.0,0.0,0.0,0.0,0.0
2006-01-17,INTC,0.0,0.0,0.0,0.0,0.0,0.0
2006-01-18,AMD,0.0,0.0,0.0,0.0,0.0,0.0
2006-01-26,MSFT,0.0,0.0,0.0,0.0,0.0,0.0
2006-02-02,AMZN,0.0,0.0,0.0,0.0,0.0,0.0
2006-02-16,NVDA,0.0,0.0,0.0,0.0,0.0,0.0
2006-04-12,AMD,0.0,0.0,0.0,0.0,0.0,0.0
2006-04-19,INTC,0.0,0.0,0.0,0.0,0.0,0.0
2006-04-25,AMZN,0.0,0.0,0.0,0.0,0.0,0.0
2006-04-27,MSFT,0.0,0.0,0.0,0.0,0.0,0.0
2006-05-11,NVDA,0.0,0.0,0.0,0.0,0.0,0.0
2006-07-19,INTC,0.0,0.0,0.0,0.0,0.0,0.0
2006-07-20,AMD,0.0,0.0,0.0,0.0,0.0,0.0
2006-07-20,MSFT,0.0,0.0,0.0,0.0,0.0,0.0
2006-07-25,AMZN,0.0,0.0,0.0,0.0,0.0,0.0
2006-08-10,NVDA,0.0,0.0,0.0,0.0,0.0,0.0
2006-09-12,NVDA,0.0,0.0,0.0,0.0,0.0,0.0
2006-10-17,INTC,0.0,0.0,0.0,0.0,0.0,0.0
2006-10-18,AMD,0.0,0.0,0.0,0.0,0.0,0.0
2006-10-24,AMZN,0.0,0.0,0.0,0.0,0.0,0.0
2006-10-26,MSFT,0.0,0.0,0.0,0.0,0.0,0.0
2006-11-09,NVDA,0.0,0.0,0.0,0.0,0.0,0.0
2007-01-16,INTC,0.0,0.0,0.0,0.0,0.0,0.0
2007-01-23,AMD,0.0,0.0,0.0,0.0,0.0,0.0
2007-01-25,MSFT,0.0,0.0,0.0,0.0,0.0,0.0
2007-02-01,AMZN,0.0,0.0,0.0,0.0,0.0,0.0
2007-02-13,NVDA,0.0,0.0,0.0,0.0,0.0,0.0
2007-04-09,AMD,0.0,0.0,0.0,0.0,0.0,0.0
2007-04-17,INTC,0.0,0.0,0.0,0.0,0.0,0.0
2007-04-19,AMD,0.0,0.0,0.0,0.0,0.0,0.0
2007-04-24,AMZN,0.0,0.0,0.0,0.0,0.0,0.0
2007-04-26,MSFT,0.0,0.0,0.0,0.0,0.0,0.0
2007-05-09,SMCI,0.0,0.32299741602067183,0.0,0.0,0.32299741602067183,0.0
2007-05-10,NVDA,1.0718113612004287,0.0,0.0,0.0,0.0,0.0
2007-07-17,INTC,0.0,0.0,0.0,0.0,0.0,0.0
2007-07-19,AMD,0.0,0.0,0.0,0.0,0.0,0.0
2007-07-19,MSFT,0.0,0.0,0.0,0.0,0.0,0.0
2007-07-24,AMZN,0.0,0.0,0.0,0.0,0.0,0.0
2007-08-07,SMCI,0.0,0.3716090672612412,0.0,0.0,0.3716090672612412,0.0
2007-08-09,NVDA,0.0,0.0,0.0,0.0,0.0,0.0
2007-10-16,INTC,0.0,0.0,0.0,0.0,0.0,0.0
2007-10-18,AMD,0.0,0.0,0.0,0.0,0.0,0.0
2007-10-23,AMZN,0.0,0.0,0.0,0.0,0.0,0.0
2007-10-25,MSFT,0.0,0.0,0.0,0.0,0.0,0.0
2007-10-31,SMCI,0.0,0.3996802557953637,0.0,0.0,0.3996802557953637,0.0
2007-11-08,NVDA,1.001001001001001,0.0,0.0,0.0,0.0,0.0
2008-01-15,INTC,0.0,0.0,0.0,0.0,0.0,0.0
2008-01-17,AMD,0.0,0.0,0.0,0.0,0.0,0.0
2008-01-24,MSFT,0.0,0.0,0.0,0.0,0.0,0.0
2008-01-30,AMZN,0.0,0.0,0.0,0.0,0.0,0.0
2008-01-30,SMCI,0.0,0.36429872495446264,0.0,0.0,0.36429872495446264,0.0
2008-02-13,NVDA,0.9837678307919331,0.0,0.0,0.0,0.0,0.0
2008-04-07,AMD,0.0,0.0,0.0,0.0,0.0,0.0
2008-04-10,SMCI,0.0,0.774593338497289,0.0,0.0,0.774593338497289,0.0
2008-04-15,INTC,0.0,0.0,0.0,0.0,0.0,0.0
2008-04-17,AMD,0.0,0.0,0.0,0.0,0.0,0.0
2008-04-23,AMZN,0.0,0.0,0.0,0.0,0.0,0.0
2008-04-24,MSFT,0.0,0.0,0.0,0.0,0.0,0.0
2008-04-29,SMCI,0.0,0.3566333808844508,0.0,0.0,0.3566333808844508,0.0
2008-05-08,NVDA,0.0,0.0,0.0,0.0,0.0,0.0
2008-07-15,INTC,0.0,0.0,0.0,0.0,0.0,0.0
2008-07-17,AMD,0.0,0.0,0.0,0.0,0.0,0.0
2008-07-17,MSFT,0.0,0.0,0.0,0.0,0.0,0.0
2008-07-23,AMZN,0.0,0.0,0.0,0.0,0.0,0.0
2008-08-06,SMCI,0.0,0.3368137420006736,0.0,0.0,0.3368137420006736,0.0
2008-08-12,NVDA,3.0094582975064488,0.0,0.0,0.0,0.0,0.0
2008-10-14,INTC,0.0,0.0,0.0,0.0,0.0,0.0
2008-10-16,AMD,0.0,0.0,0.0,0.0,0.0,0.0
2008-10-22,AMZN,0.0,0.0,0.0,0.0,0.0,0.0
2008-10-23,MSFT,0.0,0.0,0.0,0.0,0.0,0.0
2008-10-29,SMCI,0.0,0.4142502071251035,0.0,0.0,0.4142502071251035,0.0
2008-11-06,NVDA,0.0,0.0,0.0,0.0,0.0,0.0
2008-12-04,AMD,0.0,0.0,0.0,0.0,0.0,0.0
2009-01-06,SMCI,0.0,0.0,0.0,0.0,0.0,0.0
2009-01-07,INTC,0.0,0.0,0.0,0.0,0.0,0.0
2009-01-15,INTC,0.0,0.0,0.0,0.0,0.0,0.0
2009-01-22,AMD,0.4479283314669653,0.0,0.0,0.0,0.0,0.0
2009-01-22,MSFT,0.0,0.0,0.0,0.0,0.0,0.0
2009-01-28,SMCI,0.0,0.37369207772795215,0.0,0.0,0.37369207772795215,0.0
2009-01-29,AMZN,0.0,0.0,0.0,0.0,0.0,0.0
2009-02-10,NVDA,2.242152466367713,0.0,0.0,0.0,0.0,0.0
2009-04-14,INTC,0.0,0.0,0.0,0.0,0.0,0.0
2009-04-16,SMCI,0.0,0.0,0.0,0.0,0.0,0.0
2009-04-21,AMD,0.0,0.0,0.0,0.0,0.0,0.0
2009-04-23,AMZN,0.0,0.0,0.0,0.0,0.0,0.0
2009-04-23,MSFT,0.0,0.0,0.0,0.0,0.0,0.0
2009-04-29,SMCI,0.0,0.3632401017072285,0.0,0.0,0.3632401017072285,0.0
2009-05-07,NVDA,1.8805829807240244,0.0,0.0,0.0,0.0,0.0
2009-07-14,INTC,0.0,0.0,0.0,0.0,0.0,0.0
2009-07-21,AMD,0.0,0.0,0.0,0.0,0.0,0.0
2009-07-23,AMZN,0.0,0.0,0.0,0.0,0.0,0.0
2009-07-23,MSFT,0.0,0.0,0.0,0.0,0.0,0.0
2009-08-05,SMCI,0.0,0.3619254433586681,0.0,0.0,0.3619254433586681,0.0
2009-08-06,NVDA,1.0657193605683837,0.0,0.0,0.0,0.0,0.0
2009-10-13,INTC,0.0,0.0,0.0,0.0,0.0,0.0
2009-10-14,INTC,0.0,0.0,0.0,0.0,0.0,0.0
2009-10-15,AMD,0.0,0.0,0.0,0.0,0.0,0.0
2009-10-22,AMZN,0.0,0.0,0.0,0.0,0.0,0.0
2009-10-23,MSFT,0.0,0.0,0.0,0.0,0.0,0.0
2009-10-27,SMCI,0.0,0.0,0.0,0.0,0.0,0.0
2009-11-05,NVDA,0.7659900421294523,0.0,0.0,0.0,0.0,0.0
2010-01-14,INTC,0.0,0.0,0.0,0.0,0.0,0.0
2010-01-15,INTC,0.0,0.0,0.0,0.0,0.0,0.0
2010-01-21,AMD,0.0,0.0,0.0,0.0,0.0,0.0
2010-01-26,SMCI,0.0,0.0,0.0,0.0,0.0,0.0
2010-01-28,AMZN,0.0,0.0,0.0,0.0,0.0,0.0
2010-01-28,MSFT,0.0,0.0,0.0,0.0,0.0,0.0
2010-02-17,NVDA,0.41476565740356697,0.0,0.0,0.0,0.0,0.0
2010-04-13,INTC,0.0,0.0,0.0,0.0,0.0,0.0
2010-04-14,INTC,0.0,0.0,0.0,0.0,0.0,0.0
2010-04-15,AMD,0.0,0.0,0.0,0.0,0.0,0.0
2010-04-22,AMZN,0.0,0.0,0.0,0.0,0.0,0.0
2010-04-22,MSFT,0.0,0.0,0.0,0.0,0.0,0.0
2010-04-27,SMCI,0.0,0.0,0.0,0.0,0.0,0.0
2010-05-13,NVDA,2.112676056338028,0.0,0.0,0.0,0.0,0.0
2010-07-13,INTC,0.0,0.0,0.0,0.0,0.0,0.0
2010-07-14,INTC,0.0,0.0,0.0,0.0,0.0,0.0
2010-07-15,AMD,0.0,0.0,0.0,0.0,0.0,0.0
2010-07-22,AMZN,0.0,0.0,0.0,0.0,0.0,0.0
2010-07-22,MSFT,0.0,0.0,0.0,0.0,0.0,0.0
2010-08-03,SMCI,0.0,0.0,0.0,0.0,0.0,0.0
2010-08-12,NVDA,0.0,0.0,0.0,0.0,0.0,0.0
2010-10-12,INTC,0.0,0.0,0.0,0.0,0.0,0.0
2010-10-13,INTC,0.0,0.0,0.0,0.0,0.0,0.0
2010-10-14,AMD,0.0,0.0,0.0,0.0,0.0,0.0
2010-10-21,AMZN,0.0,0.0,0.0,0.0,0.0,0.0
2010-10-26,SMCI,0.0,0.0,0.0,0.0,0.0,0.0
2010-10-28,MSFT,0.0,0.0,0.0,0.0,0.0,0.0
2010-11-12,NVDA,0.0,0.0,0.0,0.0,0.0,0.0
2011-01-13,INTC,0.0,0.0,0.0,0.0,0.0,0.0
2011-01-14,INTC,0.0,0.0,0.0,0.0,0.0,0.0
2011-01-21,AMD,0.0,0.0,0.0,0.0,0.0,0.0
2011-01-25,SMCI,0.0,0.0,0.0,0.0,0.0,0.0
2011-01-27,AMZN,0.0,0.0,0.0,0.0,0.0,0.0
2011-01-27,MSFT,0.0,0.0,0.0,0.0,0.0,0.0
2011-01-31,INTC,0.0,0.0,0.0,0.0,0.0,0.0
2011-02-16,NVDA,0.0,0.0,0.0,0.0,0.0,0.0
2011-04-19,INTC,0.0,0.0,0.0,0.0,0.0,0.0
2011-04-20,INTC,0.0,0.0,0.0,0.0,0.0,0.0
2011-04-21,AMD,0.0,0.0,0.0,0.0,0.0,0.0
2011-04-26,AMZN,0.0,0.0,0.0,0.0,0.0,0.0
2011-04-26,SMCI,0.0,0.0,0.0,0.0,0.0,0.0
2011-04-28,MSFT,0.0,0.0,0.0,0.0,0.0,0.0
2011-05-09,INTC,0.0,0.0,0.0,0.0,0.0,0.0
2011-05-12,NVDA,0.0,0.0,0.0,0.0,0.0,0.0
2011-07-20,INTC,0.0,0.0,0.0,0.0,0.0,0.0
2011-07-21,AMD,0.0,0.0,0.0,0.0,0.0,0.0
2011-07-21,INTC,0.0,0.0,0.0,0.0,0.0,0.0
2011-07-21,MSFT,0.0,0.0,0.0,0.0,0.0,0.0
2011-07-26,AMZN,0.0,0.0,0.0,0.0,0.0,0.0
2011-08-02,SMCI,0.0,0.31515915537346356,0.0,0.0,0.31515915537346356,0.0
2011-08-11,NVDA,0.0,0.0,0.0,0.0,0.0,0.0
2011-10-18,INTC,0.0,0.0,0.0,0.0,0.0,0.0
2011-10-19,INTC,0.0,0.0,0.0,0.0,0.0,0.0
2011-10-20,MSFT,0.0,0.0,0.0,0.0,0.0,0.0
2011-10-25,AMZN,0.0,0.0,0.0,0.0,0.0,0.0
2011-10-25,SMCI,0.0,0.0,0.0,0.0,0.0,0.0
2011-10-27,AMD,0.0,0.0,0.0,0.0,0.0,0.0
2011-11-10,NVDA,0.0,0.0,0.0,0.0,0.0,0.0
2012-01-11,SMCI,0.0,0.0,0.0,0.0,0.0,0.0
2012-01-19,INTC,0.0,0.0,0.0,0.0,0.0,0.0
2012-01-19,MSFT,0.0,0.0,0.0,0.0,0.0,0.0
2012-01-20,INTC,0.0,0.0,0.0,0.0,0.0,0.0
2012-01-24,AMD,0.0,0.0,0.0,0.0,0.0,0.0
2012-01-24,SMCI,0.0,0.32082130253448826,0.0,0.0,0.32082130253448826,0.0
2012-01-31,AMZN,0.0,0.0,0.0,0.0,0.0,0.0
2012-02-15,NVDA,0.0,0.0,0.0,0.0,0.0,0.0
2012-04-17,INTC,0.0,0.0,0.0,0.0,0.0,0.0
2012-04-18,INTC,0.0,0.0,0.0,0.0,0.0,0.0
2012-04-19,AMD,0.0,0.0,0.0,0.0,0.0,0.0
2012-04-19,MSFT,0.0,0.0,0.0,0.0,0.0,0.0
2012-04-24,SMCI,0.0,0.0,0.0,0.0,0.0,0.0
2012-04-26,AMZN,0.0,0.0,0.0,0.0,0.0,0.0
2012-05-11,NVDA,0.0,0.0,0.0,0.0,0.0,0.0
2012-07-17,INTC,0.0,0.0,0.0,0.0,0.0,0.0
2012-07-18,INTC,0.0,0.0,0.0,0.0,0.0,0.0
2012-07-19,AMD,0.0,0.0,0.0,0.0,0.0,0.0
2012-07-19,MSFT,0.0,0.0,0.0,0.0,0.0,0.0
2012-07-19,SMCI,0.0,0.0,0.0,0.0,0.0,0.0
2012-07-26,AMZN,0.0,0.0,0.0,0.0,0.0,0.0
2012-07-26,META,0.0,0.0,0.0,0.0,0.0,0.0
2012-08-07,SMCI,0.0,0.3050640634533252,0.0,0.0,0.3050640634533252,0.0
2012-08-09,NVDA,0.0,0.0,0.0,0.0,0.0,0.0
2012-10-09,SMCI,0.0,0.0,0.0,0.0,0.0,0.0
2012-10-11,AMD,0.0,0.0,0.0,0.0,0.0,0.0
2012-10-16,INTC,0.0,0.0,0.0,0.0,0.0,0.0
2012-10-17,INTC,0.0,0.0,0.0,0.0,0.0,0.0
2012-10-18,AMD,0.0,0.0,0.0,0.0,0.0,0.0
2012-10-18,MSFT,0.0,0.0,0.0,0.0,0.0,0.0
2012-10-23,META,0.0,0.0,0.0,0.0,0.0,0.0
2012-10-23,SMCI,0.0,0.3756574004507889,0.0,0.0,0.3756574004507889,0.0
2012-10-25,AMZN,0.0,0.0,0.0,0.0,0.0,0.0
2012-11-08,NVDA,0.0,0.0,0.0,0.0,0.0,0.0
2013-01-17,INTC,0.0,0.0,0.0,0.0,0.0,0.0
2013-01-18,INTC,0.0,0.0,0.0,0.0,0.0,0.0
2013-01-22,AMD,0.0,0.0,0.0,0.0,0.0,0.0
2013-01-22,SMCI,0.0,0.3465003465003465,0.0,0.0,0.3465003465003465,0.0
2013-01-24,MSFT,0.0,0.0,0.0,0.0,0.0,0.0
2013-01-29,AMZN,0.0,0.0,0.0,0.0,0.0,0.0
2013-01-30,META,0.0,0.0,0.0,0.0,0.0,0.0
2013-02-13,NVDA,0.0,0.0,0.0,0.0,0.0,0.0
2013-04-16,INTC,0.0,0.0,0.0,0.0,0.0,0.0
2013-04-17,INTC,0.0,0.0,0.0,0.0,0.0,0.0
2013-04-18,AMD,0.0,0.0,0.0,0.0,0.0,0.0
2013-04-18,MSFT,0.0,0.0,0.0,0.0,0.0,0.0
2013-04-23,SMCI,0.0,0.32669062397909177,0.0,0.0,0.32669062397909177,0.0
2013-04-25,AMZN,0.0,0.0,0.0,0.0,0.0,0.0
2013-05-01,META,0.0,0.0,0.0,0.0,0.0,0.0
2013-05-09,NVDA,0.0,0.0,0.0,0.0,0.0,0.0
2013-07-17,INTC,0.0,0.0,0.0,0.0,0.0,0.0
2013-07-18,AMD,0.0,0.0,0.0,0.0,0.0,0.0
2013-07-18,INTC,0.0,0.0,0.0,0.0,0.0,0.0
2013-07-18,MSFT,0.0,0.0,0.0,0.0,0.0,0.0
2013-07-24,META,0.0,0.0,0.0,0.0,0.0,0.0
2013-07-25,AMZN,0.0,0.0,0.0,0.0,0.0,0.0
2013-08-06,SMCI,0.0,0.32247662044501774,0.0,0.0,0.32247662044501774,0.0
2013-08-08,NVDA,0.0,0.0,0.0,0.0,0.0,0.0
2013-10-15,INTC,0.0,0.0,0.0,0.0,0.0,0.0
2013-10-15,INTC,0.0,0.0,0.0,0.0,0.0,0.0
2013-10-17,AMD,0.0,0.0,0.0,0.0,0.0,0.0
2013-10-22,SMCI,0.0,0.3927729772191674,0.0,0.0,0.3927729772191674,0.0
2013-10-24,AMZN,0.0,0.0,0.0,0.0,0.0,0.0
2013-10-24,MSFT,0.0,0.0,0.0,0.0,0.0,0.0
2013-10-30,META,0.0,0.0,0.0,0.0,0.0,0.0
2013-11-07,NVDA,0.0,0.0,0.0,0.0,0.0,0.0
2014-01-16,INTC,0.0,0.0,0.0,0.0,0.0,0.0
2014-01-21,AMD,0.0,0.0,0.0,0.0,0.0,0.0
2014-01-21,SMCI,0.0,0.3439972480220158,0.0,0.0,0.3439972480220158,0.0
2014-01-23,MSFT,0.0,0.0,0.0,0.0,0.0,0.0
2014-01-29,META,0.0,0.0,0.0,0.0,0.0,0.0
2014-01-30,AMZN,0.0,0.0,0.0,0.0,0.0,0.0
2014-02-12,NVDA,0.0,0.0,0.0,0.0,0.0,0.0
2014-04-15,INTC,0.0,0.0,0.0,0.0,0.0,0.0
2014-04-17,AMD,0.0,0.0,0.0,0.0,0.0,0.0
2014-04-22,SMCI,0.0,0.34106412005457026,0.0,0.0,0.34106412005457026,0.0
2014-04-23,META,0.0,0.0,0.0,0.0,0.0,0.0
2014-04-24,AMZN,0.0,0.0,0.0,0.0,0.0,0.0
2014-04-24,MSFT,0.0,0.0,0.0,0.0,0.0,0.0
2014-05-06,NVDA,0.0,0.0,0.0,0.0,0.0,0.0
2014-05-08,NVDA,0.0,0.0,0.0,0.0,0.0,0.0
2014-07-15,INTC,0.0,0.0,0.0,0.0,0.0,0.0
2014-07-17,AMD,0.0,0.0,0.0,0.0,0.0,0.0
2014-07-22,MSFT,0.0,0.0,0.0,0.0,0.0,0.0
2014-07-23,META,0.0,0.0,0.0,0.0,0.0,0.0
2014-07-24,AMZN,0.0,0.0,0.0,0.0,0.0,0.0
2014-08-05,SMCI,0.0,0.3076923076923077,0.0,0.0,0.3076923076923077,0.0
2014-08-07,ANET,0.0,0.0,0.0,0.0,0.0,0.0
2014-08-07,NVDA,0.0,0.0,0.0,0.0,0.0,0.0
2014-10-14,INTC,0.0,0.0,0.0,0.0,0.0,0.0
2014-10-16,AMD,0.0,0.0,0.0,0.0,0.0,0.0
2014-10-21,SMCI,0.0,0.3843197540353574,0.0,0.0,0.3843197540353574,0.0
2014-10-23,AMZN,0.0,0.0,0.0,0.0,0.0,0.0
2014-10-23,MSFT,0.0,0.0,0.0,0.0,0.0,0.0
2014-10-28,META,0.0,0.0,0.0,0.0,0.0,0.0
2014-11-06,ANET,0.0,0.0,0.0,0.0,0.0,0.0
2014-11-06,NVDA,0.0,0.0,0.0,0.0,0.0,0.0
2015-01-15,INTC,0.0,0.0,0.0,0.0,0.0,0.0
2015-01-20,AMD,0.0,0.0,0.0,0.0,0.0,0.0
2015-01-20,SMCI,0.0,0.3477051460361613,0.0,0.0,0.3477051460361613,0.0
2015-01-26,MSFT,0.0,0.0,0.0,0.0,0.0,0.0
2015-01-28,META,0.0,0.0,0.0,0.0,0.0,0.0
2015-01-29,AMZN,0.0,0.0,0.0,0.0,0.0,0.0
2015-02-11,NVDA,0.0,0.0,0.0,0.0,0.0,0.0
2015-02-19,ANET,0.0,0.0,0.0,0.0,0.0,0.0
2015-04-14,INTC,0.0,0.0,0.0,0.0,0.0,0.0
2015-04-16,AMD,0.0,0.0,0.0,0.0,0.0,0.0
2015-04-21,SMCI,0.0,0.36114120621162876,0.0,0.0,0.36114120621162876,0.0
2015-04-22,META,0.0,0.0,0.0,0.0,0.0,0.0
2015-04-23,AMZN,0.0,0.0,0.0,0.0,0.0,0.0
2015-04-23,MSFT,0.0,0.0,0.0,0.0,0.0,0.0
2015-05-07,NVDA,0.0,0.0,0.0,0.0,0.0,0.0
2015-05-14,ANET,0.0,0.0,0.0,0.0,0.0,0.0
2015-07-06,AMD,0.0,0.0,0.0,0.0,0.0,0.0
2015-07-15,INTC,0.0,0.0,0.0,0.0,0.0,0.0
2015-07-16,AMD,0.0,0.0,0.0,0.0,0.0,0.0
2015-07-21,MSFT,0.0,0.0,0.0,0.0,0.0,0.0
2015-07-23,AMZN,0.0,0.0,0.0,0.0,0.0,0.0
2015-07-29,META,0.0,0.0,0.0,0.0,0.0,0.0
2015-08-04,SMCI,0.0,0.33955857385398985,0.0,0.0,0.33955857385398985,0.0
2015-08-06,ANET,0.0,0.0,0.0,0.0,0.0,0.0
2015-08-06,NVDA,0.0,0.0,0.0,0.0,0.0,0.0
2015-10-08,SMCI,0.0,0.0,0.0,0.0,0.0,0.0
2015-10-13,INTC,0.0,0.0,0.0,0.0,0.0,0.0
2015-10-15,AMD,0.0,0.0,0.0,0.0,0.0,0.0
2015-10-22,AMZN,0.0,0.0,0.0,0.0,0.0,0.0
2015-10-22,GOOGL,0.0,0.0,0.0,0.0,0.0,0.0
2015-10-22,MSFT,0.0,0.0,0.0,0.0,0.0,0.0
2015-10-22,SMCI,0.0,0.4084967320261438,0.0,0.0,0.4084967320261438,0.0
2015-11-04,META,0.0,0.0,0.0,0.0,0.0,0.0
2015-11-05,ANET,0.0,0.0,0.0,0.0,0.0,0.0
2015-11-05,NVDA,0.0,0.0,0.0,0.0,0.0,0.0
2015-11-24,HPE,0.0,0.0,0.0,0.0,0.0,0.0
2016-01-12,SMCI,0.0,0.0,0.0,0.0,0.0,0.0
2016-01-14,INTC,0.0,0.0,0.0,0.0,0.0,0.0
2016-01-19,AMD,0.0,0.0,0.0,0.0,0.0,0.0
2016-01-27,META,0.0,0.0,0.0,0.0,0.0,0.0
2016-01-28,AMZN,0.0,0.0,0.0,0.0,0.0,0.0
2016-01-28,MSFT,0.0,0.0,0.0,0.0,0.0,0.0
2016-01-28,SMCI,0.0,0.3735524841240194,0.0,0.0,0.3735524841240194,0.0
2016-02-01,GOOGL,0.0,0.0,0.0,0.0,0.0,0.0
2016-02-17,NVDA,0.0,0.0,0.0,0.0,0.0,0.01818181818181818
2016-02-18,ANET,0.0,0.0,0.0,0.0,0.0,0.0
2016-03-02,HPE,0.0,0.0,0.0,0.0,0.0,0.0
2016-03-03,HPE,0.0,0.0,0.0,0.0,0.0,0.0
2016-04-15,SMCI,0.0,0.0,0.0,0.0,0.0,0.0
2016-04-19,INTC,0.0,0.0,0.0,0.0,0.0,0.0
2016-04-21,AMD,0.0,0.0,0.0,0.0,0.0,0.0
2016-04-21,GOOGL,0.0,0.0,0.0,0.0,0.0,0.0
2016-04-21,MSFT,0.0,0.0,0.0,0.0,0.0,0.0
2016-04-27,META,0.0,0.0,0.0,0.0,0.0,0.0
2016-04-28,AMZN,0.0,0.0,0.0,0.0,0.0,0.0
2016-04-28,SMCI,0.0,0.37936267071320184,0.0,0.0,0.37936267071320184,0.0
2016-05-05,ANET,0.0,0.0,0.0,0.0,0.0,0.0
2016-05-12,NVDA,0.7504690431519699,0.0,0.0,0.0,0.0,0.02158273381294964
2016-05-24,HPE,0.0,0.0,0.0,0.0,0.0,0.0
2016-06-10,DELL,0.0,0.2181500872600349,0.0,0.0,0.2181500872600349,0.0
2016-07-18,SMCI,0.0,0.0,0.0,0.0,0.0,0.0
2016-07-19,MSFT,0.0,0.0,0.0,0.0,0.0,0.0
2016-07-20,INTC,0.0,0.0,0.0,0.0,0.0,0.0
2016-07-21,AMD,0.0,0.0,0.0,0.0,0.0,0.0
2016-07-27,META,0.0,0.0,0.0,0.0,0.0,0.0
2016-07-28,AMZN,0.0,0.0,0.0,0.0,0.0,0.0
2016-07-28,GOOGL,0.0,0.0,0.0,0.0,0.0,0.0
2016-08-04,ANET,0.0,0.0,0.0,0.0,0.0,0.0
2016-08-04,SMCI,0.0,0.3544842254519674,0.0,0.0,0.3544842254519674,0.0
2016-08-11,NVDA,0.0,0.0,0.0,0.0,0.0,0.014388489208633094
2016-09-06,DELL,0.0,0.0,0.0,0.0,0.0,0.0
2016-09-07,HPE,0.0,0.0,0.0,0.0,0.0,0.0
2016-10-18,INTC,0.0,0.0,0.0,0.0,0.0,0.0
2016-10-20,AMD,0.0,0.0,0.0,0.0,0.0,0.0
2016-10-20,MSFT,0.0,0.0,0.0,0.0,0.0,0.0
2016-10-27,AMZN,0.0,0.0,0.0,0.0,0.0,0.005714285714285714
2016-10-27,GOOGL,0.0,0.0,0.0,0.0,0.0,0.0
2016-10-27,SMCI,0.0,0.38461538461538464,0.0,0.0,0.38461538461538464,0.0
2016-11-02,META,0.0,0.0,0.0,0.0,0.0,0.0
2016-11-03,ANET,0.0,0.0,0.0,0.0,0.0,0.0
2016-11-10,NVDA,1.3218770654329146,0.0,0.0,0.0,0.0,0.0
2016-11-22,HPE,0.0,0.0,0.0,0.0,0.0,0.0
2016-12-08,DELL,0.0,0.0,0.0,0.0,0.0,0.0
2017-01-26,GOOGL,0.0,0.0,0.0,0.0,0.0,0.0
2017-01-26,INTC,0.0,0.0,0.0,0.0,0.0,0.0
2017-01-26,MSFT,0.0,0.0,0.0,0.0,0.0,0.0
2017-01-26,SMCI,0.0,0.3694126339120798,0.0,0.0,0.3694126339120798,0.0
2017-01-31,AMD,0.0,0.0,0.0,0.0,0.0,0.0
2017-02-01,META,0.0,0.0,0.0,0.0,0.0,0.0
2017-02-02,AMZN,0.0,0.0,0.0,0.0,0.0,0.005319148936170213
2017-02-09,NVDA,1.3188262446422685,0.0,0.0,0.0,0.0,0.005917159763313609
2017-02-16,ANET,0.0,0.0,0.0,0.3718854592785422,0.0,0.0
2017-02-23,HPE,0.0,0.0,0.0,0.0,0.0,0.0
2017-02-23,HPE,0.0,0.0,0.0,0.0,0.0,0.0
2017-03-30,DELL,0.0,0.0,0.0,0.0,0.0,0.0
2017-04-27,AMZN,0.0,0.0,0.0,0.0,0.0,0.0
2017-04-27,GOOGL,0.0,0.0,0.0,0.0,0.0,0.0
2017-04-27,INTC,0.0,0.0,0.0,0.0,0.0,0.0035335689045936395
2017-04-27,MSFT,0.0,0.0,0.0,0.0,0.0,0.0
2017-04-27,SMCI,0.0,0.3780718336483932,0.0,0.0,0.3780718336483932,0.0
2017-05-01,AMD,0.0,0.0,0.0,0.0,0.0,0.0
2017-05-03,META,0.0,0.0,0.0,0.0,0.0,0.0
2017-05-04,ANET,0.0,0.0,0.0,0.0,0.0,0.0
2017-05-09,NVDA,1.1609907120743033,0.0,0.0,0.0,0.0,0.0
2017-05-31,HPE,0.0,0.0,0.0,0.0,0.0,0.0
2017-06-08,DELL,0.0,0.0,0.0,0.0,0.0,0.00909090909090909
2017-07-20,MSFT,0.0,0.0,0.0,0.0,0.0,0.0
2017-07-20,SMCI,0.0,0.0,0.0,0.0,0.0,0.0
2017-07-24,GOOGL,0.0,0.0,0.0,0.0,0.0,0.0
2017-07-25,AMD,0.0,0.0,0.0,0.0,0.0,0.0
2017-07-26,META,0.0,0.0,0.0,0.0,0.0,0.0
2017-07-27,AMZN,0.0,0.0,0.0,0.0,0.0,0.003787878787878788
2017-07-27,INTC,0.0,0.0,0.0,0.0,0.0,0.0029498525073746312
2017-08-03,ANET,0.0,0.0,0.0,0.38138825324180015,0.0,0.0
2017-08-03,SMCI,0.0,0.3563791874554526,0.0,0.0,0.3563791874554526,0.0
2017-08-10,NVDA,0.6795786612300374,0.0,0.0,0.0,0.0,0.0
2017-09-05,HPE,0.0,0.0,0.0,0.0,0.0,0.0
2017-09-07,DELL,0.0,0.0,0.0,0.0,0.0,0.0
2017-10-24,AMD,0.0,0.0,0.0,0.0,0.0,0.0
2017-10-26,AMZN,0.0,0.0,0.0,0.0,0.0,0.0
2017-10-26,GOOGL,0.0,0.0,0.0,0.0,0.0,0.0
2017-10-26,INTC,0.0,0.0,0.0,0.0,0.0,0.006644518272425249
2017-10-26,MSFT,0.0,0.0,0.0,0.0,0.0,0.0
2017-10-26,SMCI,0.0,1.3315579227696406,0.0,0.0,1.3315579227696406,0.0
2017-11-01,META,0.0,0.0,0.0,0.0,0.0,0.0
2017-11-02,ANET,0.0,0.0,0.0,0.0,0.0,0.0
2017-11-09,NVDA,2.3866348448687353,0.0,0.0,0.0,0.0,0.0
2017-12-07,DELL,0.0,0.0,0.0,0.0,0.0,0.0
2018-01-25,INTC,0.0,0.0,0.0,0.0,0.0,0.002717391304347826
2018-01-30,AMD,0.0,0.0,0.0,0.0,0.0,0.0
2018-01-30,SMCI,0.0,0.8223684210526315,0.0,0.0,0.8223684210526315,0.0
2018-01-31,META,0.0,0.0,0.0,0.0,0.0,0.0
2018-01-31,MSFT,0.0,0.0,0.0,0.0,0.0,0.0
2018-02-01,AMZN,0.0,0.0,0.0,0.0,0.0,0.006060606060606061
2018-02-01,GOOGL,0.0,0.0,0.0,0.0,0.0,0.0
2018-02-08,NVDA,0.0,0.0,0.0,0.0,0.0,0.0
2018-02-13,HPE,0.0,0.0,0.0,0.0,0.0,0.0
2018-02-15,ANET,0.0,0.0,0.0,0.6711409395973154,0.0,0.0
2018-02-22,HPE,0.0,0.0,0.0,0.0,0.0,0.0
2018-02-27,AMD,0.0,0.0,0.0,0.0,0.0,0.0
2018-03-08,DELL,0.0,0.0,0.0,0.0,0.0,0.0
2018-04-23,GOOGL,0.0,0.0,0.0,0.0,0.0,0.0
2018-04-25,AMD,0.0,0.0,0.0,0.0,0.0,0.0
2018-04-25,META,0.0,0.0,0.0,0.0,0.0,0.0
2018-04-26,AMZN,0.0,0.0,0.0,0.0,0.0,0.0
2018-04-26,INTC,0.0,0.0,0.0,0.0,0.0,0.004219409282700422
2018-04-26,MSFT,0.0,0.0,0.0,0.0,0.0,0.0
2018-05-03,ANET,0.0,0.0,0.0,0.0,0.0,0.0
2018-05-03,SMCI,0.0,0.0,0.0,0.0,0.0,0.0
2018-05-10,NVDA,2.5993316004455997,0.0,0.0,0.0,0.0,0.0
2018-05-22,HPE,0.0,0.0,0.0,0.0,0.0,0.0
2018-06-04,DELL,0.0,0.0,0.0,0.0,0.0,0.008064516129032258
2018-06-07,AVGO,0.0,0.0,0.0,0.0,0.0,0.0
2018-07-19,MSFT,0.0,0.0,0.0,0.0,0.0,0.0049504950495049506
2018-07-23,GOOGL,0.0,0.0,0.0,0.0,0.0,0.0
2018-07-25,AMD,0.0,0.0,0.0,0.0,0.0,0.0
2018-07-25,META,0.0,0.44208664898320066,0.0,0.0,0.44208664898320066,0.0
2018-07-26,AMZN,0.0,0.0,0.0,0.0,0.0,0.0035087719298245615
2018-07-26,INTC,0.0,0.0,0.0,0.0,0.0,0.0033003300330033004
2018-08-02,ANET,0.0,0.0,0.0,0.0,0.0,0.0
2018-08-16,NVDA,2.390914524805738,0.0,0.0,0.0,0.0,0.0
2018-08-21,SMCI,0.0,1.1337868480725624,0.0,0.0,1.1337868480725624,0.0
2018-08-28,HPE,0.0,0.0,0.0,0.0,0.0,0.0
2018-09-06,AVGO,0.0,0.0,0.0,0.0,0.0,0.0
2018-09-06,DELL,0.0,0.0,0.0,0.0,0.0,0.0
2018-10-24,AMD,0.0,0.0,0.0,0.0,0.0,0.0
2018-10-24,MSFT,0.0,0.0,0.0,0.0,0.0,0.015384615384615385
2018-10-25,AMZN,0.0,0.0,0.0,0.0,0.0,0.0030120481927710845
2018-10-25,GOOGL,0.0,0.0,0.0,0.0,0.0,0.0
2018-10-25,INTC,0.0,0.0,0.0,0.0,0.0,0.00303951367781155
2018-10-30,META,0.0,0.0,0.0,0.0,0.0,0.0
2018-11-01,ANET,0.0,0.0,0.0,0.0,0.0,0.0
2018-11-15,NVDA,0.6131207847946045,0.0,0.0,0.0,0.0,0.0
2018-11-15,SMCI,0.0,0.9174311926605505,0.0,0.0,0.9174311926605505,0.0
2018-11-29,DELL,0.0,0.0,0.0,0.0,0.0,0.0
2018-12-04,HPE,0.0,0.0,0.0,0.0,0.0,0.0
2018-12-06,AVGO,0.0,0.0,0.0,0.0,0.0,0.0
2019-01-24,INTC,0.0,0.0,0.0,0.0,0.0,0.0
2019-01-28,NVDA,0.0,0.0,0.0,0.0,0.0,0.013333333333333334
2019-01-29,AMD,0.0,0.0,0.0,0.0,0.0,0.0
2019-01-30,META,0.0,0.0,0.0,0.0,0.0,0.0
2019-01-30,MSFT,0.0,0.0,0.0,0.0,0.0,0.010638297872340425
2019-01-31,AMZN,0.1285512276642242,0.0,0.0,0.38565368299267255,0.0,0.002849002849002849
2019-02-04,GOOGL,0.0,0.0,0.0,0.0,0.0,0.0
2019-02-13,HPE,0.0,0.0,0.0,0.0,0.0,0.0
2019-02-14,ANET,0.0,0.0,0.0,0.0,0.0,0.00625
2019-02-14,NVDA,0.9973404255319148,0.0,0.0,0.0,0.0,0.0
2019-02-14,SMCI,0.0,0.0,0.0,0.0,0.0,0.0
2019-02-21,HPE,0.0,0.0,0.0,0.0,0.0,0.0
2019-02-28,DELL,0.0,0.0,0.0,0.0,0.0,0.0
2019-03-14,AVGO,0.0,0.0,0.0,0.0,0.0,0.0
2019-04-24,META,0.0,0.0,0.0,0.0,0.0,0.0
2019-04-24,MSFT,0.0,0.0,0.0,0.0,0.0,0.014925373134328358
2019-04-25,AMZN,0.0,0.0,0.0,0.0,0.0,0.003246753246753247
2019-04-25,INTC,0.0,0.0,0.0,0.0,0.0,0.0
2019-04-29,GOOGL,0.0,0.0,0.0,0.0,0.0,0.0
2019-04-30,AMD,0.0,0.0,0.0,0.0,0.0,0.0
2019-05-02,ANET,0.0,0.0,0.0,0.0,0.0,0.0
2019-05-16,NVDA,1.0589481115425343,0.0,0.0,0.0,0.0,0.0
2019-05-17,SMCI,0.0,0.0,0.0,0.0,0.0,0.0
2019-05-23,HPE,0.0,0.0,0.0,0.0,0.0,0.0
2019-05-30,DELL,0.0,0.0,0.0,0.0,0.0,0.0
2019-06-13,AVGO,0.0,0.0,0.0,0.0,0.0,0.0
2019-07-18,MSFT,0.0,0.0,0.0,0.0,0.0,0.004784688995215311
2019-07-24,META,0.0,0.0,0.0,0.0,0.0,0.0
2019-07-25,AMZN,0.0,0.0,0.0,0.0,0.0,0.0064516129032258064
2019-07-25,GOOGL,0.0,0.0,0.0,0.0,0.0,0.0
2019-07-25,INTC,0.0,0.0,0.0,0.0,0.0,0.0
2019-07-30,AMD,0.0,0.0,0.0,0.0,0.0,0.0055248618784530384
2019-08-01,ANET,0.0,0.0,0.0,0.0,0.0,0.0
2019-08-15,NVDA,1.455604075691412,0.0,0.0,0.0,0.0,0.015873015873015872
2019-08-15,SMCI,0.0,0.0,0.0,0.0,0.0,0.0
2019-08-27,HPE,0.0,0.0,0.0,0.0,0.0,0.0
2019-08-29,DELL,0.0,0.0,0.0,0.0,0.0,0.0
2019-09-12,AVGO,0.0,0.0,0.0,0.0,0.0,0.0
2019-10-23,MSFT,0.0,0.0,0.0,0.0,0.0,0.015873015873015872
2019-10-24,AMZN,0.0,0.0,0.0,0.0,0.0,0.0030211480362537764
2019-10-24,INTC,0.0,0.0,0.0,0.0,0.0,0.0
2019-10-28,GOOGL,0.0,0.0,0.0,0.0,0.0,0.0
2019-10-29,AMD,0.0,0.0,0.0,0.0,0.0,0.0
2019-10-30,META,0.0,0.0,0.0,0.0,0.0,0.0
2019-10-31,ANET,0.0,0.0,0.0,0.0,0.0,0.0
2019-11-14,NVDA,1.0976948408342482,0.0,0.0,0.0,0.0,0.0
2019-11-14,SMCI,0.0,0.0,0.0,0.0,0.0,0.0
2019-11-25,HPE,0.0,0.0,0.0,0.0,0.0,0.0
2019-11-26,DELL,0.0,0.0,0.0,0.0,0.0,0.0
2019-12-12,AVGO,0.0,0.0,0.0,0.0,0.0,0.0
2020-01-09,SMCI,0.0,0.0,0.0,0.0,0.0,0.0
2020-01-23,INTC,0.0,0.0,0.0,0.0,0.0,0.0029940119760479044
2020-01-28,AMD,0.0,0.0,0.0,0.0,0.0,0.0
2020-01-29,META,0.0,0.0,0.0,0.0,0.0,0.0
2020-01-29,MSFT,0.0,0.0,0.0,0.0,0.0,0.0
2020-01-30,AMZN,0.0,0.0,0.0,0.0,0.0,0.005555555555555556
2020-02-03,GOOGL,0.0,0.0,0.0,0.0,0.0,0.01282051282051282
2020-02-06,SMCI,0.0,0.46860356138706655,0.0,0.0,0.46860356138706655,0.007936507936507936
2020-02-13,ANET,0.0,0.0,0.0,0.0,0.0,0.0
2020-02-13,HPE,0.0,0.0,0.0,0.0,0.0,0.0
2020-02-13,NVDA,1.183431952662722,0.0,0.0,0.0,0.0,0.0
2020-02-27,DELL,0.0,0.0,0.0,0.0,0.0,0.0
2020-03-03,HPE,0.0,0.0,0.0,0.0,0.0,0.0
2020-03-12,AVGO,0.0,0.0,0.0,0.0,0.0,0.0
2020-04-02,SMCI,0.0,0.0,0.0,0.0,0.0,0.041666666666666664
2020-04-23,INTC,0.0,0.0,0.0,0.0,0.0,0.0
2020-04-28,AMD,0.0,0.0,0.0,0.0,0.0,0.0
2020-04-28,GOOGL,0.0,0.0,0.0,0.0,0.0,0.0
2020-04-29,META,0.0,0.0,0.0,0.0,0.0,0.0
2020-04-29,MSFT,0.0,0.0,0.0,0.0,0.0,0.012658227848101266
2020-04-30,AMZN,0.0,0.0,0.0,0.0,0.0,0.0028089887640449437
2020-05-05,ANET,0.0,0.0,0.0,0.0,0.0,0.0
2020-05-07,SMCI,0.0,0.0,0.0,0.0,0.0,0.0
2020-05-21,HPE,0.0,0.0,0.0,0.0,0.0,0.0
2020-05-21,NVDA,2.3222060957910013,0.0,0.0,0.0,0.0,0.0
2020-05-28,DELL,0.0,0.0,0.0,0.0,0.0,0.0
2020-06-04,AVGO,0.0,0.0,0.0,0.0,0.0,0.0
2020-07-22,MSFT,0.0,0.21244954323348203,0.0,0.0,0.21244954323348203,0.005128205128205128
2020-07-23,INTC,0.0,0.0,0.0,0.0,0.0,0.0
2020-07-28,AMD,0.225886604924328,0.0,0.0,0.0,0.0,0.0
2020-07-30,AMZN,0.0,0.0,0.0,0.0,0.0,0.0
2020-07-30,GOOGL,0.0,0.0,0.0,0.0,0.0,0.0
2020-07-30,META,0.0,0.0,0.0,0.0,0.0,0.0
2020-08-04,ANET,0.0,0.0,0.0,0.0,0.0,0.0
2020-08-11,SMCI,0.0,0.3477051460361613,0.0,0.0,0.3477051460361613,0.006134969325153374
2020-08-19,NVDA,1.8023430459597476,0.0,0.0,0.0,0.0,0.0
2020-08-25,HPE,0.0,0.0,0.0,0.0,0.0,0.0
2020-08-27,DELL,0.0,0.0,0.0,0.0,0.0,0.0
2020-09-03,AVGO,0.0,0.0,0.0,0.0,0.0,0.0
2020-10-22,INTC,0.0,0.0,0.0,0.0,0.0,0.0030211480362537764
2020-10-27,AMD,0.0,0.0,0.0,0.0,0.0,0.0
2020-10-27,MSFT,0.0,0.0,0.0,0.0,0.0,0.014925373134328358
2020-10-29,AMZN,0.0,0.0,0.0,0.0,0.0,0.0
2020-10-29,GOOGL,0.0,0.0,0.0,0.0,0.0,0.0
2020-10-29,META,0.0,0.0,0.0,0.0,0.0,0.0
2020-11-02,ANET,0.0,0.0,0.0,0.0,0.0,0.008333333333333333
2020-11-03,SMCI,0.0,0.4191114836546521,0.0,0.0,0.4191114836546521,0.00847457627118644
2020-11-12,PLTR,0.0,0.0,0.0,0.0,0.0,0.006578947368421052
2020-11-18,NVDA,3.6813042334998687,0.0,0.0,0.0,0.0,0.0
2020-11-24,DELL,0.0,0.0,0.0,0.0,0.0,0.0
2020-12-01,HPE,0.0,0.0,0.0,0.0,0.0,0.0
2020-12-10,AVGO,0.0,0.0,0.0,0.0,0.0,0.0
2021-01-14,INTC,0.0,0.0,0.0,0.0,0.0,0.0
2021-01-21,INTC,0.0,0.0,0.0,0.17328019407381737,0.0,0.0
2021-01-26,AMD,0.0,0.0,0.0,0.3876720294630742,0.0,0.0
2021-01-26,MSFT,0.0,0.0,0.0,0.0,0.0,0.014285714285714285
2021-01-27,META,0.0,0.0,0.0,0.0,0.0,0.0
2021-02-02,AMZN,0.0,0.0,0.0,0.5691519635742743,0.0,0.0
2021-02-02,GOOGL,0.0,0.2871088142405972,0.0,0.0,0.2871088142405972,0.0
2021-02-02,SMCI,0.0,0.36549707602339176,0.0,0.0,0.36549707602339176,0.007142857142857143
2021-02-04,HPE,0.0,0.0,0.0,0.0,0.0,0.0
2021-02-16,PLTR,0.0,0.0,0.0,0.0,0.0,0.0
2021-02-18,ANET,0.0,0.0,0.0,0.0,0.0,0.00641025641025641
2021-02-24,NVDA,0.5541701302299806,0.0,0.0,0.0,0.0,0.006097560975609756
2021-02-25,DELL,0.0,0.0,0.0,0.0,0.0,0.0
2021-03-01,AI,0.0,0.0,0.0,0.0,0.0,0.0
2021-03-02,HPE,0.0,0.0,0.0,0.0,0.0,0.0
2021-03-04,AVGO,0.0,0.0,0.0,0.0,0.0,0.0
2021-04-22,INTC,0.1763046544428773,0.0,0.0,0.0,0.0,0.0
2021-04-27,AMD,0.22753128555176336,0.0,0.0,0.6825938566552902,0.0,0.0
2021-04-27,GOOGL,0.0,0.0,0.0,0.0,0.0,0.0
2021-04-27,MSFT,0.0,0.0,0.0,0.0,0.0,0.010752688172043012
2021-04-28,META,0.0,0.40749796251018744,0.0,0.0,0.40749796251018744,0.0
2021-04-29,AMZN,0.0,0.0,0.0,0.0,0.0,0.004640371229698376
2021-05-04,ANET,0.0,0.0,0.0,0.0,0.0,0.0
2021-05-04,SMCI,0.0,0.42589437819420783,0.0,0.0,0.42589437819420783,0.008264462809917356
2021-05-11,PLTR,0.0,0.0,0.0,0.0,0.0,0.0
2021-05-26,NVDA,1.1010184420589044,0.0,0.0,0.0,0.0,0.007246376811594203
2021-05-27,DELL,0.0,0.0,0.0,0.0,0.0,0.0
2021-06-01,HPE,0.0,0.0,0.0,0.0,0.0,0.0
2021-06-02,AI,0.0,0.0,0.0,0.0,0.0,0.0
2021-06-03,AVGO,0.0,0.0,0.0,0.0,0.0,0.0
2021-06-07,MRVL,0.0,0.0,0.0,0.0,0.0,0.0
2021-07-22,INTC,0.0,0.0,0.0,0.0,0.0,0.0
2021-07-27,AMD,0.0,0.0,0.0,0.0,0.0,0.0
2021-07-27,GOOGL,0.0,0.0,0.0,0.0,0.0,0.0
2021-07-27,MSFT,0.0,0.0,0.0,0.0,0.0,0.0056179775280898875
2021-07-28,META,0.0,0.0,0.0,0.0,0.0,0.0
2021-07-29,AMZN,0.0,0.0,0.0,0.0,0.0,0.005390835579514825
2021-08-02,ANET,0.0,0.0,0.0,0.0,0.0,0.0
2021-08-03,MRVL,0.0,0.0,0.0,0.0,0.0,0.0
2021-08-10,SMCI,0.0,0.3735524841240194,0.0,0.0,0.3735524841240194,0.006134969325153374
2021-08-12,PLTR,0.0,0.0,0.0,0.0,0.0,0.0
2021-08-18,NVDA,1.1117287381878822,0.0,0.0,0.0,0.0,0.006756756756756757
2021-08-18,PLTR,0.0,0.0,0.0,0.0,0.0,0.0
2021-08-26,DELL,0.0,0.0,0.0,0.0,0.0,0.0
2021-08-26,MRVL,0.0,0.0,0.0,0.0,0.0,0.005376344086021506
2021-09-01,AI,0.0,0.0,0.0,0.0,0.0,0.0
2021-09-02,AVGO,0.0,0.0,0.0,0.0,0.0,0.0
2021-09-02,HPE,0.0,0.0,0.0,0.0,0.0,0.0
2021-10-21,INTC,0.0,0.0,0.0,0.0,0.0,0.0
2021-10-25,META,0.0,0.0,0.0,0.0,0.0,0.0
2021-10-26,AMD,0.0,0.0,0.0,0.4379242391066346,0.0,0.0
2021-10-26,GOOGL,0.0,0.0,0.0,0.0,0.0,0.0
2021-10-26,MSFT,0.0,0.0,0.0,0.0,0.0,0.011904761904761904
2021-10-28,AMZN,0.0,0.0,0.0,0.0,0.0,0.002544529262086514
2021-11-01,ANET,0.0,0.0,0.0,0.0,0.0,0.0
2021-11-02,SMCI,0.0,0.0,0.0,0.0,0.0,0.008
2021-11-09,PLTR,0.0,0.0,0.0,0.0,0.0,0.0
2021-11-17,NVDA,2.1350413664264747,0.0,0.0,0.0,0.0,0.006666666666666667
2021-11-23,DELL,0.0,0.0,0.0,0.0,0.0,0.0
2021-11-30,HPE,0.0,0.0,0.0,0.0,0.0,0.0024813895781637717
2021-12-01,AI,0.0,0.0,0.0,0.0,0.0,0.0055248618784530384
2021-12-02,MRVL,0.0,0.0,0.0,0.0,0.0,0.005747126436781609
2021-12-09,AVGO,0.0,0.0,0.0,0.0,0.0,0.0
2022-01-25,MSFT,0.0,0.0,0.0,0.0,0.0,0.014705882352941176
2022-01-26,INTC,0.1511030522816561,0.0,0.0,0.1511030522816561,0.0,0.0
2022-02-01,AMD,0.18244845831052725,0.0,0.0,0.3648969166210545,0.0,0.0
2022-02-01,GOOGL,0.0,0.0,0.0,0.0,0.0,0.0
2022-02-01,SMCI,0.0,0.39154267815191857,0.0,0.0,0.39154267815191857,0.0
2022-02-02,META,0.0,0.0,0.0,0.0,0.0,0.00819672131147541
2022-02-03,AMZN,0.0,0.0,0.0,0.10331645831180908,0.0,0.0069124423963133645
2022-02-14,ANET,0.0,0.0,0.0,0.0,0.0,0.0
2022-02-16,NVDA,0.8163265306122449,0.0,0.0,0.0,0.0,0.005813953488372093
2022-02-17,PLTR,0.0,0.0,0.0,0.0,0.0,0.0
2022-02-24,DELL,0.0,0.0,0.0,0.0,0.0,0.0
2022-03-01,HPE,0.0,0.0,0.0,0.0,0.0,0.003289473684210526
2022-03-02,AI,0.0,0.0,0.0,0.0,0.0,0.00546448087431694
2022-03-03,AVGO,0.0,0.0,0.0,0.0,0.0,0.0
2022-03-03,MRVL,0.0,0.0,0.0,0.0,0.0,0.00546448087431694
2022-04-18,SMCI,0.0,1.0626992561105206,0.0,0.0,1.0626992561105206,0.0
2022-04-26,GOOGL,0.0,0.0,0.0,0.0,0.0,0.0
2022-04-26,MSFT,0.0,0.0,0.0,0.0,0.0,0.011111111111111112
2022-04-27,META,0.0,0.0,0.0,0.0,0.0,0.0
2022-04-28,AMZN,0.0,0.0,0.0,0.0,0.0,0.00267379679144385
2022-04-28,INTC,0.0,0.0,0.0,0.0,0.0,0.0
2022-05-02,ANET,0.0,0.0,0.0,0.0,0.0,0.0
2022-05-03,AMD,0.0,0.0,0.0,0.0,0.0,0.0
2022-05-03,SMCI,0.0,0.37023324694557574,0.0,0.0,0.37023324694557574,0.0
2022-05-09,PLTR,0.0,0.0,0.0,0.0,0.0,0.0
2022-05-17,SOUN,0.0,0.0,0.0,0.0,0.0,0.0016750418760469012
2022-05-25,NVDA,3.1527658354829464,0.0,0.0,0.0,0.0,0.007352941176470588
2022-05-26,AVGO,0.0,0.0,0.0,0.0,0.0,0.0
2022-05-26,DELL,0.0,0.0,0.0,0.0,0.0,0.0
2022-05-26,MRVL,0.0,0.0,0.0,0.0,0.0,0.002364066193853428
2022-06-01,AI,0.0,0.0,0.0,0.0,0.0,0.004975124378109453
2022-06-01,HPE,0.0,0.0,0.0,0.0,0.0,0.0028089887640449437
2022-07-20,SMCI,0.0,1.0309278350515465,0.0,0.0,1.0309278350515465,0.0
2022-07-26,GOOGL,0.0,0.0,0.0,0.0,0.0,0.0
2022-07-26,MSFT,0.0,0.0,0.0,0.0,0.0,0.005128205128205128
2022-07-27,META,0.0,0.0,0.0,0.0,0.0,0.0
2022-07-28,AMZN,0.0,0.0,0.0,0.0,0.0,0.002421307506053269
2022-07-28,INTC,0.3035822707953856,0.0,0.0,0.0,0.0,0.0
2022-08-01,ANET,0.0,0.0,0.0,0.0,0.0,0.0
2022-08-02,AMD,0.0,0.0,0.0,0.6440532417346501,0.0,0.0
2022-08-08,NVDA,1.2779552715654952,0.0,0.0,0.0,0.0,0.0
2022-08-08,PLTR,0.0,0.0,0.0,0.0,0.0,0.0
2022-08-09,SMCI,0.0,0.3615328994938539,0.0,0.0,0.3615328994938539,0.0
2022-08-11,SOUN,0.0,0.0,0.0,0.0,0.0,0.0
2022-08-24,NVDA,1.1464603038119805,0.0,0.0,0.0,0.0,0.0
2022-08-25,DELL,0.0,0.0,0.0,0.0,0.0,0.0
2022-08-25,MRVL,0.0,0.0,0.0,0.0,0.0,0.0016286644951140066
2022-08-30,HPE,0.0,0.0,0.0,0.0,0.0,0.002840909090909091
2022-08-31,AI,0.0,0.0,0.0,0.0,0.0,0.0
2022-09-01,AVGO,0.0,0.0,0.0,0.0,0.0,0.0
2022-10-06,AMD,0.0,0.0,0.0,0.0,0.0,0.0
2022-10-19,SMCI,0.0,1.0649627263045793,0.0,0.0,1.0649627263045793,0.0
2022-10-25,GOOGL,0.0,0.0,0.0,0.0,0.0,0.0
2022-10-25,MSFT,0.0,0.0,0.0,0.0,0.0,0.012048192771084338
2022-10-26,META,0.0,0.0,0.0,0.0,0.0,0.0
2022-10-27,AMZN,0.0,0.0,0.0,0.2756719503790489,0.0,0.0
2022-10-27,INTC,0.0,0.0,0.0,0.0,0.0,0.002849002849002849
2022-10-31,ANET,0.0,0.0,0.0,0.0,0.0,0.0
2022-11-01,AMD,0.0,0.0,0.0,0.0,0.0,0.0
2022-11-01,SMCI,0.0,0.41893590280687054,0.0,0.0,0.41893590280687054,0.0
2022-11-07,PLTR,0.0,0.0,0.0,0.0,0.0,0.0
2022-11-10,SOUN,0.0,0.0,0.0,0.0,0.0,0.0
2022-11-16,NVDA,2.1511158913686477,0.0,0.0,0.0,0.0,0.013422818791946308
2022-11-21,DELL,0.0,0.0,0.0,0.0,0.0,0.0
2022-11-29,HPE,0.0,0.0,0.0,0.0,0.0,0.002583979328165375
2022-12-01,MRVL,0.0,0.0,0.0,0.0,0.0,0.0016474464579901153
2022-12-07,AI,0.0,0.0,0.0,0.0,0.0,0.010869565217391304
2022-12-08,AVGO,0.0,0.0,0.0,0.0,0.0,0.0
2023-01-18,SMCI,0.0,1.0893246187363836,0.0,0.0,1.0893246187363836,0.0
2023-01-24,MSFT,0.0,0.0,0.0,0.0,0.0,0.011363636363636364
2023-01-24,SOUN,0.0,0.0,0.0,0.0,0.0,0.0
2023-01-26,INTC,0.0,0.0,0.0,0.0,0.0,0.0023584905660377358
2023-01-31,AMD,0.36536353671903543,0.0,0.0,0.18268176835951772,0.0,0.0
2023-01-31,SMCI,0.0,0.3894080996884735,0.0,0.0,0.3894080996884735,0.0
2023-02-01,META,0.0,0.0,0.0,0.0,0.0,0.0
2023-02-02,AMZN,0.0,0.0,0.0,0.1341021858656296,0.0,0.002785515320334262
2023-02-02,GOOGL,0.0,0.0,0.0,0.0,0.0,0.0
2023-02-09,HPE,0.0,0.0,0.0,0.0,0.0,0.0
2023-02-13,ANET,0.0,0.0,0.0,0.0,0.0,0.0
2023-02-13,PLTR,0.0,0.0,0.0,0.0,0.0,0.0
2023-02-22,NVDA,0.8119079837618403,0.0,0.0,0.0,0.0,0.0
2023-03-02,AI,0.0,0.0,0.0,0.0,0.0,0.005050505050505051
2023-03-02,AVGO,0.0,0.0,0.0,0.0,0.0,0.0
2023-03-02,DELL,0.0,0.0,0.0,0.0,0.0,0.0
2023-03-02,HPE,0.0,0.0,0.0,0.0,0.0,0.003355704697986577
2023-03-02,MRVL,0.0,0.0,0.0,0.0,0.0,0.001610305958132045
2023-03-07,SOUN,0.0,0.0,0.0,0.0,0.0,0.0
2023-04-20,GOOGL,0.0,0.0,0.0,0.0,0.0,0.0
2023-04-24,SMCI,0.0,0.0,0.0,0.0,0.0,0.0
2023-04-25,GOOGL,0.0,0.0,0.0,0.0,0.0,0.0
2023-04-25,MSFT,0.0,0.0,0.0,0.0,0.0,0.014285714285714285
2023-04-26,META,0.0,0.0,0.0,0.0,0.0,0.0
2023-04-27,AMZN,0.0,0.0,0.0,0.6808278867102396,0.0,0.005988023952095809
2023-04-27,INTC,0.0,0.0,0.0,0.0,0.0,0.0
2023-05-01,ANET,0.0,0.0,0.0,0.0,0.0,0.0
2023-05-02,AMD,0.0,0.0,0.0,0.0,0.0,0.0
2023-05-02,SMCI,0.0,0.38684719535783363,0.0,0.0,0.38684719535783363,0.0
2023-05-08,PLTR,0.0,0.0,0.0,0.0,0.0,0.020202020202020204
2023-05-15,AI,0.0,0.0,0.0,0.0,0.0,0.0
2023-05-24,NVDA,1.3333333333333333,0.0,0.0,0.0,0.0,0.0
2023-05-25,MRVL,0.0,0.0,0.0,0.0,0.0,0.007211538461538462
2023-05-30,HPE,0.0,0.0,0.0,0.0,0.0,0.002631578947368421
2023-05-31,AI,0.0,0.0,0.0,0.0,0.0,0.004761904761904762
2023-06-01,AVGO,0.0,0.0,0.0,0.0,0.0,0.0
2023-06-01,DELL,0.0,0.0,0.0,0.0,0.0,0.006024096385542169
2023-07-20,SMCI,0.0,1.1123470522803114,0.0,0.0,1.1123470522803114,0.0
2023-07-25,GOOGL,0.0,0.0,0.0,0.0,0.0,0.008333333333333333
2023-07-25,MSFT,0.0,0.0,0.0,0.0,0.0,0.005649717514124294
2023-07-25,SOUN,0.0,0.0,0.0,0.0,0.0,0.03125
2023-07-26,META,0.0,0.28735632183908044,0.0,0.0,0.28735632183908044,0.0
2023-07-27,INTC,0.0,0.0,0.0,0.36310820624546114,0.0,0.0
2023-07-31,ANET,0.0,0.0,0.0,0.0,0.0,0.008547008547008548
2023-08-01,AMD,0.0,0.0,0.0,0.8254230293025175,0.0,0.0
2023-08-03,AMZN,0.13126804935678657,0.0,0.0,0.3938041480703597,0.0,0.0027100271002710027
2023-08-07,HPE,0.0,0.0,0.0,0.0,0.0,0.0
2023-08-07,PLTR,0.0,0.0,0.0,0.0,0.0,0.009615384615384616
2023-08-08,SMCI,0.0,0.3944773175542406,0.0,0.0,0.3944773175542406,0.0
2023-08-08,SOUN,0.0,0.0,0.0,0.0,0.0,0.0
2023-08-23,NVDA,4.550321199143468,0.0,0.0,0.0,0.0,0.0
2023-08-24,MRVL,0.0,0.0,0.0,0.0,0.0,0.003289473684210526
2023-08-29,HPE,0.0,0.0,0.0,0.0,0.0,0.002688172043010753
2023-08-31,AVGO,0.0,0.0,0.0,0.0,0.0,0.0
2023-08-31,DELL,0.0,0.0,0.0,0.0,0.0,0.0
2023-09-06,AI,0.0,0.0,0.0,0.0,0.0,0.0
2023-10-24,GOOGL,0.0,0.0,0.0,0.0,0.0,0.00909090909090909
2023-10-24,MSFT,0.0,0.0,0.0,0.0,0.0,0.015625
2023-10-25,META,0.0,0.29744199881023203,0.0,0.0,0.29744199881023203,0.0072992700729927005
2023-10-26,AMZN,0.125344697919278,0.0,0.0,0.250689395838556,0.0,0.0
2023-10-26,INTC,0.0,0.0,0.0,0.36663611365719523,0.0,0.0037593984962406013
2023-10-30,ANET,0.0,0.0,0.0,0.0,0.0,0.008771929824561403
2023-10-31,AMD,0.0,0.0,0.0,1.023331968890708,0.0,0.0
2023-11-01,SMCI,0.9298000929800093,0.46490004649000466,0.0,0.0,0.46490004649000466,0.0
2023-11-02,PLTR,0.0,0.0,0.0,0.0,0.0,0.009615384615384616
2023-11-09,SOUN,0.0,0.0,0.0,0.0,0.0,0.0
2023-11-21,NVDA,10.0,0.0,0.0,0.0,0.0,0.0
2023-11-28,HPE,0.0,0.0,0.0,0.0,0.0,0.005305039787798408
2023-11-30,DELL,0.0,0.0,0.22431583669807087,0.0,-0.22431583669807087,0.0
2023-11-30,MRVL,0.0,0.0,0.0,0.0,0.0,0.003289473684210526
2023-12-06,AI,0.0,0.0,0.0,0.0,0.0,0.0058823529411764705
2023-12-07,AVGO,0.0,0.0,0.0,0.0,0.0,0.0
2024-01-18,SMCI,0.0,1.176470588235294,0.0,0.0,1.176470588235294,0.0
2024-01-25,INTC,0.0,0.16246953696181965,0.0,0.0,0.16246953696181965,0.0
2024-01-29,SMCI,0.0,0.4366812227074236,0.0,0.0,0.4366812227074236,0.0
2024-01-30,AMD,0.39816842524387813,0.0,0.0,2.588094764085208,0.0,0.005714285714285714
2024-01-30,GOOGL,0.0,0.2632964718272775,0.0,0.0,0.2632964718272775,0.0
2024-01-30,MSFT,0.0,0.0,0.0,0.0,0.0,0.011764705882352941
2024-02-01,AMZN,0.22180326050792945,0.0,0.0,0.33270489076189425,0.0,0.002304147465437788
2024-02-01,META,0.0,0.5554012774229381,0.0,0.0,0.5554012774229381,0.006622516556291391
2024-02-05,PLTR,0.0,0.0,0.0,0.0,0.0,0.009009009009009009
2024-02-07,HPE,0.0,0.0,0.0,0.0,0.0,0.0
2024-02-12,ANET,0.0,0.0,0.0,0.0,0.0,0.013513513513513514
2024-02-21,NVDA,3.1029619181946404,0.0,0.0,0.0,0.0,0.006024096385542169
2024-02-22,HPE,0.0,0.0,0.0,0.0,0.0,0.1111111111111111
2024-02-28,AI,0.0,0.0,0.0,0.0,0.0,0.0
2024-02-29,DELL,0.2255299954894001,0.0,0.0,0.2255299954894001,0.0,0.0
2024-02-29,HPE,0.0,0.0,0.0,0.0,0.0,0.0034602076124567475
2024-02-29,SOUN,0.0,0.0,0.0,0.0,0.0,0.0
2024-03-07,AVGO,0.2775464890369137,0.0,0.0,0.0,0.0,0.0
2024-03-07,MRVL,0.22406453058480844,0.0,0.0,0.0,0.0,0.003205128205128205
2024-04-24,META,0.0,0.3952569169960474,0.0,0.0,0.3952569169960474,0.009259259259259259
2024-04-25,GOOGL,0.0,0.0,0.0,0.0,0.0,0.009708737864077669
2024-04-25,INTC,0.5951200158698672,0.19837333862328904,0.0,0.7934933544931562,0.19837333862328904,0.0
2024-04-25,MSFT,0.0,0.0,0.0,0.0,0.0,0.014925373134328358
2024-04-30,AMD,0.23369946249123627,0.0,0.0,0.7010983874737088,0.0,0.007142857142857143
2024-04-30,AMZN,0.2334812047630166,0.1167406023815083,0.0,0.7004436142890498,0.1167406023815083,0.0028089887640449437
2024-04-30,SMCI,0.794912559618442,0.397456279809221,0.0,0.0,0.397456279809221,0.0
2024-05-06,PLTR,0.0,0.0,0.0,0.0,0.0,0.011363636363636364
2024-05-07,ANET,0.0,0.0,0.0,0.0,0.0,0.009433962264150943
2024-05-09,SOUN,0.0,0.0,0.0,0.0,0.0,0.0
2024-05-22,NVDA,3.423591658885776,0.0,0.0,0.0,0.0,0.014388489208633094
2024-05-29,AI,0.0,0.0,0.0,0.0,0.0,0.005509641873278237
2024-05-30,DELL,0.2824858757062147,0.0,0.0,0.0,0.0,0.0
2024-05-30,MRVL,0.2570694087403599,0.0,0.0,0.0,0.0,0.004761904761904762
2024-06-04,HPE,0.0,0.0,0.0,0.0,0.0,0.00558659217877095
2024-06-12,AVGO,0.0,0.0,0.0,0.0,0.0,0.007633587786259542
2024-07-23,GOOGL,0.0,0.0,0.0,0.0,0.0,0.0
2024-07-30,AMD,0.0,0.21706099413935315,0.0,1.7364879531148252,0.21706099413935315,0.006944444444444444
2024-07-30,ANET,0.0,0.0,0.0,0.0,0.0,0.008333333333333333
2024-07-30,MSFT,0.0,0.0,0.0,0.0,0.0,0.011111111111111112
2024-07-31,META,0.0,0.0,0.0,0.0,0.0,0.017857142857142856
2024-08-01,AMZN,0.0,0.0,0.0,0.19011406844106463,0.0,0.0
2024-08-01,INTC,0.1646361540994402,0.1646361540994402,0.1646361540994402,0.1646361540994402,0.0,0.0
2024-08-05,PLTR,0.0,0.0,0.0,0.0,0.0,0.02127659574468085
2024-08-06,SMCI,0.7587253414264037,0.37936267071320184,0.0,0.0,0.37936267071320184,0.0
2024-08-08,SOUN,0.0,0.0,0.0,0.0,0.0,0.0
2024-08-28,NVDA,7.460545193687231,0.0,0.0,0.0,0.0,0.0
2024-08-29,DELL,0.0,0.0,0.0,0.0,0.0,0.0
2024-08-29,MRVL,0.0,0.0,0.0,0.0,0.0,0.00333889816360601
2024-09-04,AI,0.0,0.0,0.0,0.0,0.0,0.005494505494505495
2024-09-04,HPE,0.12211503236048357,0.0,0.0,0.0,0.0,0.005376344086021506
2024-09-05,AVGO,0.0,0.0,0.0,0.0,0.0,0.0
2024-10-29,AMD,0.21565667457407808,0.0,0.0,1.5095967220185464,0.0,0.007142857142857143
2024-10-29,GOOGL,0.2841716396703609,0.0,0.0,0.0,0.0,0.0
2024-10-30,META,0.0,0.0,0.0,0.0,0.0,0.009009009009009009
2024-10-30,MSFT,0.0,0.0,0.0,0.0,0.0,0.0
2024-10-31,AMZN,0.0,0.0,0.0,0.1840942562592047,0.0,0.0
2024-10-31,INTC,0.3318951211417192,0.1659475605708596,0.0,0.3318951211417192,0.1659475605708596,0.0
2024-11-04,PLTR,0.0,0.0,0.0,0.0,0.0,0.03333333333333333
2024-11-05,SMCI,0.0,0.6743088334457181,0.0,0.0,0.6743088334457181,0.0
2024-11-07,ANET,0.0,0.0,0.0,0.0,0.0,0.015873015873015872
2024-11-12,SOUN,0.0,0.0,0.0,0.0,0.0,0.0
2024-11-20,NVDA,4.790419161676646,0.0,0.0,0.0,0.0,0.0
2024-11-26,DELL,0.0,0.0,0.0,0.0,0.0,0.0
2024-12-03,MRVL,0.0,0.0,0.0,0.0,0.0,0.0033333333333333335
2024-12-05,HPE,0.0,0.0,0.0,0.0,0.0,0.008152173913043478
2024-12-09,AI,0.4752851711026616,0.0,0.0,0.0,0.0,0.005208333333333333
2024-12-12,AVGO,0.0,0.0,0.0,0.0,0.0,0.014388489208633094
2025-01-29,META,0.0,0.0,0.0,0.0,0.0,0.015151515151515152
2025-01-29,MSFT,0.3901677721420211,0.0,0.0,0.0,0.0,0.0
2025-01-30,INTC,0.16223231667748214,0.16223231667748214,0.0,0.16223231667748214,0.16223231667748214,0.0
2025-02-03,PLTR,0.0,0.0,0.0,0.0,0.0,0.013888888888888888
2025-02-04,AMD,0.19142419601837674,0.0,0.0,1.9142419601837672,0.0,0.005434782608695652
2025-02-04,GOOGL,0.2669514148424986,0.0,0.0,0.0,0.0,0.0
2025-02-06,AMZN,0.0,0.0,0.0,0.8835483300936562,0.0,0.0
2025-02-11,SMCI,0.9385265133740027,0.46926325668700136,0.0,0.0,0.46926325668700136,0.0
2025-02-18,ANET,0.0,0.0,0.0,0.0,0.0,0.0064516129032258064
2025-02-26,AI,0.0,0.0,0.0,0.0,0.0,0.0111731843575419
2025-02-26,NVDA,3.3398274422488172,0.0,0.0,0.0,0.0,0.0
2025-02-27,DELL,0.0,0.0,0.0,0.0,0.0,0.0
2025-02-27,SOUN,0.0,0.0,0.0,0.0,0.0,0.0
2025-03-05,MRVL,0.0,0.0,0.0,0.22680880018144703,0.0,0.0032310177705977385
2025-03-06,AVGO,0.0,0.0,0.0,0.0,0.0,0.008928571428571428
2025-03-06,HPE,0.0,0.0,0.0,0.0,0.0,0.006369426751592357
2025-04-24,GOOGL,0.2878526194588371,0.0,0.0,0.0,0.0,0.0
2025-04-24,INTC,0.0,0.1852537977028529,0.1852537977028529,0.0,0.0,0.0
2025-04-29,SMCI,0.0,1.0706638115631693,0.0,0.0,1.0706638115631693,0.0
2025-04-30,META,0.0,0.0,0.0,0.0,0.0,0.027777777777777776
2025-04-30,MSFT,0.0,0.0,0.0,0.0,0.0,0.0
2025-05-01,AMZN,0.0,0.0,0.0,0.20802995631370916,0.0,0.0
2025-05-05,PLTR,0.0,0.0,0.0,0.0,0.0,0.008130081300813009
2025-05-06,AMD,0.46253469010175763,0.0,0.0,0.9250693802035153,0.0,0.006944444444444444
2025-05-06,ANET,0.0,0.0,0.0,0.0,0.0,0.0
2025-05-06,MRVL,4.73186119873817,0.0,0.0,4.73186119873817,0.0,0.0
2025-05-06,SMCI,0.0,0.0,0.0,0.0,0.0,0.0
2025-05-08,SOUN,0.0,0.0,0.0,0.0,0.0,0.0
2025-05-28,AI,0.20742584526031943,0.0,0.0,0.0,0.0,0.0
2025-05-28,NVDA,12.601512181461775,0.0,0.0,0.0,0.0,0.005988023952095809
2025-05-29,DELL,0.0,0.0,0.0,0.0,0.0,0.0
2025-05-29,MRVL,0.4738213693437574,0.0,0.0,0.7107320540156361,0.0,0.006896551724137931
2025-06-03,HPE,0.0,0.0,0.0,0.0,0.0,0.002617801047120419
2025-06-05,AVGO,0.0,0.0,0.0,0.0,0.0,0.008
2025-07-23,GOOGL,0.2917152858809801,0.0,0.0,0.0,0.0,0.0
2025-07-24,INTC,0.18378974453225508,0.18378974453225508,0.36757948906451016,0.0,-0.18378974453225508,0.0
2025-07-30,META,0.0,0.0,0.0,0.0,0.0,0.025
2025-07-30,MSFT,0.0,0.0,0.0,0.0,0.0,0.0
2025-07-31,AMZN,0.19708316909735907,0.0,0.0,0.0,0.0,0.0
2025-08-04,PLTR,0.0,0.0,0.0,0.0,0.0,0.015503875968992248
2025-08-05,AMD,0.588119976475201,0.0,0.0,1.960399921584003,0.0,0.005494505494505495
2025-08-05,ANET,0.0,0.0,0.0,0.34867503486750345,0.0,0.0024875621890547263
2025-08-05,SMCI,0.0,0.0,0.0,0.0,0.0,0.0
2025-08-07,SOUN,0.0,0.0,0.0,0.0,0.0,0.0
2025-08-11,AI,0.0,0.0,0.0,0.0,0.0,0.0
2025-08-27,NVDA,12.01281366791244,0.0,0.0,0.0,0.0,0.0
2025-08-28,DELL,0.0,0.0,0.0,0.0,0.0,0.0
2025-08-28,MRVL,0.0,0.0,0.0,0.0,0.0,0.005
2025-09-03,AI,0.2306805074971165,0.0,0.2306805074971165,0.0,-0.2306805074971165,0.005405405405405406
2025-09-03,HPE,0.0,0.0,0.0,0.0,0.0,0.005050505050505051
2025-09-04,AVGO,0.2465483234714004,0.0,0.0,0.0,0.0,0.008064516129032258
2025-10-15,HPE,0.0,0.0,0.0,0.0,0.0,0.0
2025-10-23,INTC,0.0,0.17059024223814398,0.0,0.0,0.17059024223814398,0.0
2025-10-23,SMCI,2.1141649048625792,0.0,0.0,0.0,0.0,0.0
2025-10-29,GOOGL,0.2561475409836066,0.0,0.0,0.0,0.0,0.0
2025-10-29,META,0.0,0.0,0.0,0.0,0.0,0.013888888888888888
2025-10-29,MSFT,0.0,0.0,0.0,0.0,0.0,0.0
2025-10-30,AMZN,0.7121239095602635,0.0,0.0,0.35606195478013175,0.0,0.0
2025-11-03,PLTR,0.0,0.0,0.0,0.0,0.0,0.015625
2025-11-04,AMD,0.9467903806097331,0.0,0.0,3.0297292179511457,0.0,0.005128205128205128
2025-11-04,ANET,0.0,0.0,0.0,0.37023324694557574,0.0,0.0
2025-11-04,SMCI,0.36523009495982467,0.0,0.0,0.0,0.0,0.0
2025-11-06,SOUN,0.0,0.0,0.0,0.0,0.0,0.0
2025-11-19,NVDA,6.868131868131868,0.0,0.0,0.0,0.0,0.0
2025-11-25,DELL,0.0,0.0,0.0,0.0,0.0,0.0
2025-12-02,MRVL,0.214638334406525,0.0,0.0,0.0,0.0,0.0031746031746031746
2025-12-03,AI,0.0,0.0,0.0,0.0,0.0,0.0
2025-12-04,HPE,0.0,0.0,0.11252391133115787,0.0,-0.11252391133115787,0.002564102564102564
2025-12-11,AVGO,0.0,0.0,0.0,0.0,0.0,0.0
2026-01-22,INTC,0.0,0.0,0.0,0.0,0.0,0.0
2026-01-28,META,0.0,0.33145508783559824,0.0,0.0,0.33145508783559824,0.015625
2026-01-28,MSFT,0.0,0.0,0.0,0.0,0.0,0.0
2026-02-02,PLTR,0.0,0.0,0.0,0.0,0.0,0.013422818791946308
2026-02-03,AMD,0.5455537370430987,0.0,0.0,2.727768685215494,0.0,0.004545454545454545
2026-02-03,SMCI,0.0,0.0,0.0,0.0,0.0,0.0
2026-02-04,GOOGL,0.25806451612903225,0.25806451612903225,0.0,0.0,0.25806451612903225,0.0
2026-02-05,AMZN,0.0,0.0,0.0,1.353637901861252,0.0,0.0031645569620253164
2026-02-12,ANET,0.0,0.0,0.0,0.2944640753828033,0.0,0.0022624434389140274
2026-02-25,AI,0.0,0.0,0.0,0.0,0.0,0.0
2026-02-25,NVDA,6.9617105917454,0.0,0.0,0.0,0.0,0.0
2026-02-26,DELL,0.0,0.0,0.0,0.0,0.0,0.0
2026-02-26,SOUN,0.0,0.0,0.0,0.0,0.0,0.0
2026-03-04,AVGO,0.27839643652561247,0.0,0.0,0.0,0.0,0.018691588785046728
2026-03-05,MRVL,0.0,0.0,0.0,0.0,0.0,0.0016129032258064516
2026-03-09,HPE,0.0,0.0,0.0,0.0,0.0,0.005988023952095809
2026-04-23,INTC,0.5824111822947001,0.0,0.0,0.0,0.0,0.0
2026-04-29,AMZN,0.0,0.0,0.0,1.0245901639344264,0.0,0.0035842293906810036
2026-04-29,GOOGL,0.293513354857646,0.587026709715292,0.0,0.0,0.587026709715292,0.0
2026-04-29,META,0.0,0.0,0.0,0.0,0.0,0.017241379310344827
2026-04-29,MSFT,0.35473572188719404,0.0,0.0,0.0,0.0,0.0
2026-05-04,PLTR,0.31456432840515886,0.0,0.0,0.0,0.0,0.015873015873015872
2026-05-05,AMD,0.6989748369058714,0.0,0.0,1.6309412861136998,0.0,0.00641025641025641
2026-05-05,ANET,0.0,0.0,0.0,0.3775009437523594,0.0,0.003401360544217687
2026-05-05,SMCI,0.0,0.0,0.0,0.0,0.0,0.0
2026-05-07,SOUN,0.0,0.0,0.0,0.0,0.0,0.0
2026-05-12,AI,0.0,0.0,0.0,0.0,0.0,0.0
2026-05-20,NVDA,5.152979066022544,0.0,0.0,0.0,0.0,0.0
2026-05-27,MRVL,0.0,0.0,0.0,0.0,0.0,0.0022271714922048997
2026-05-28,DELL,0.0,0.0,0.0,0.0,0.0,0.0
2026-06-01,HPE,0.0,0.0,0.0,0.0,0.0,0.004739336492890996
2026-06-03,AI,0.0,0.0,0.0,0.0,0.0,0.0072992700729927005
2026-06-03,AVGO,0.26659557451346305,0.0,0.0,0.0,0.0,0.0
